SquarespaceProductName,QuickBooksItem
Horween Swatch Books - Dublin,Sample Book - All Horween
Horween • Chromexcel® Double Horsefronts - Brown,DHF Chrxl Brown
Horween • Chromexcel® Strips - Brown,Horsebutt Strips Chrxl Brown
Conceria Walpier • Buttero - No Resin - Natural - 3-3.5 oz (1.2-1.4 mm),Buttero Natural (Resin) 3-3.5
Horween • Montana Bison - Brown,Bison Montana Brown 5-6 oz
Horween • Montana Bison - Polo Tan,Bison Montana Chocolate 5-6 oz
Horween • Aspen Double Horsefronts - Cognac - 4-5 oz (1.6-2.0 mm),DHF Aspen Cognac
Horween • Russet Horsehide Strips Stained Bundles - Hard Rolled Strips - Regular - 9+ oz,Russet Strips HR 9 oz and up
Horween Dublin Leather Panels - 2’ Panel (12”x24”) - English Tan - 5-6 oz (2-2.4 mm),Panel Dublin English T 5-6 oz
Leather Scrap Box - 1 Box (5lbs),Scrap Leather
Horween Derby Leather Panels - 2’ Panel (12”x24”) - Natural - 5-6 oz (2-2.4 mm),Panel Derby Natural 5-6 oz
Horween Dublin Leather Panels - 2’ Panel (12”x24”) - Black - 5-6 oz (2-2.4 mm),Panel Dublin Black 5-6 oz
Conceria Walpier • Buttero - No Resin - #9 Red - 5-5.5 oz (2-2.2 mm),Buttero #100 Black (Res) 5-5.5
Walpier Swatch Books - Museum,Sample Book - All Walpier
C.F. Stead • Waxy Commander Original - Mole: 4-5 oz (1.6-2.0 mm),Waxy Commander Mole
"Tokonole • Leather Care Cream, Conditioning Balm",Tokonole Leather Care Cream
Horween • Cypress - Brown - 5-6 oz (2.0-2.4 mm),Cypress Brown 5-6 oz
Walpier Swatch Books - Buttero,Sample Book - All Walpier
30mm Color 8 Cordovan Belt - Size 32 - Increase Pant Size by 2 for Belt Size - Silver,Commission
Intercom Ecostick 1816B • Water-Based Leather Glue - 250 ml (8.5 fl oz),Ecostick 1816B
Horween • Russet Horsehide Strips - Soft Rolled Strips - 7-9 oz,Russet Strips SR 7-9 oz
Horween Dublin Leather Panels - 1’ Panel (12”x12”) - Olde English - 3-4 oz (1.2-1.6 mm),Panel Dublin Olde Eng 3.5-4 oz
Horween Dublin Leather Panels - 1’ Panel (12”x12”) - English Tan - 3-4 oz (1.2-1.6 mm),Panel Dublin English T 3.5-4 oz
"Tokonole • Leather Burnishing Gum, Clear - 120 g",Tokonole Clear 120g
Horween Swatch Books - Derby,Sample Book - All Horween
Horween • Aspen Double Horsefronts - Green - 4-5 oz (1.6-2.0 mm),DHF Aspen Green
Tusting & Burnett • Mad Dog® - Mojito,T&B Mad Dog Mojito 2-2.5 oz
Tusting & Burnett • Mad Dog® - Coyote,T&B Mad Dog Coyote 2-2.5 oz
Intercom Ecostick 1816B • Water-Based Leather Glue - 1 Liter (33.8 fl oz),Ecostick 1816B
Horween • Derby - Light Natural - 5-6 oz (2.0 –  2.4 mm),Derby Light Natural 5-6 oz
Horween Dublin Leather Panels - 2’ Panel (12”x24”) - Olde English - 3-4 oz (1.2-1.6 mm),Panel Dublin Olde Eng 3.5-4 oz
Horween Derby Leather Panels - 2’ Panel (12”x24”) - Brown Nut - 5-6 oz (2-2.4 mm),Panel Derby Brown Nut 5-6 oz
Horween Derby Leather Panels - 2’ Panel (12”x24”) - Olde English - 5-6 oz (2-2.4 mm),Panel Derby Olde Eng 5-6 oz
Virgilio • Smoked Matte - Fuxia - 4-5 oz (1.6-2 mm),Smoked Matte  Alloro 4.5-5 oz
Horween • Pinnacle Double Horsefronts - Espresso,DHF Pinnacle Espresso
Horween • Derby - Olde English - 5-6 oz (2.0 –  2.4 mm),Derby Olde English 5-6 oz
C.F. Stead  Swatch Books - Doeskin,Sample Book - All Stead
Horween Swatch Books - Chromexcel,Sample Book - All Horween
Horween Swatch Books - Illini Latigo,Sample Book - All Horween
Horween Swatch Books - Essex,Sample Book - All Horween
Horween Swatch Books - Latigo,Sample Book - All Horween
Virgilio Swatch Books - Vachetta,Sample Book - Vachetta
Virgilio Swatch Books - Vachetta Box,Sample Book - Vachetta
Horween Derby Leather Panels - 2’ Panel (12”x24”) - Natural - 3-4 oz (1.2-1.6 mm),Panel Derby Natural 3.5-4 oz
Horween • Derby - Black - 4-5 oz (1.6 – 2 mm),Derby Black 3.5-4 oz
Horween • Chromexcel® - Burgundy - 5-6 oz (2.0 –  2.4 mm),Chrxl #5872 Burgundy 5-6 oz
Horween • Basketball,Horween 2003C Basketball Leather
30mm Black Cordovan Belt - Size 32 - Increase pant size by 2 for belt size - Silver,Commission
30mm Color 8 Cordovan Belt - Size 34 - Increase Pant Size by 2 for Belt Size - Silver,Commission
32mm Color 8 Cordovan Belt - Size 34 - Increase Pant Size by 2 for Belt Size - Brass,Commission
Tusting & Burnett • Sokoto Bookbinding - Chestnut,T & B Sokoto Book Chestnut 2 oz
Conceria Walpier • Buttero - Resin - Foresta - 5-5.5 oz (2-2.2 mm),Buttero #100 Black (Res) 5-5.5
Horween • Russet Horsehide Strips - Hard Rolled Strips - 9+ oz,Russet Strips HR 9 oz and up
Horween • Derby - Natural - 5-6 oz (2.0 –  2.4 mm),Derby Natural 5-6 oz
Calf Lining - Black,Glovey Black Calf Lining
Horween • Chromexcel® - Natural - 4-5 oz (1.6 – 2 mm),*Chrxl Natural 4-5 oz
Horween • Dublin - Olde English - 3-4 oz (1.2-1.6 mm),Dublin Olde English 3.5-4 oz
Horween Dublin Leather Panels - 2’ Panel (12”x24”) - Brown Nut - 5-6 oz (2-2.4 mm),Panel Dublin Brown Nut 5-6 oz
Horween Derby Leather Panels - 2’ Panel (12”x24”) - Brown Nut - 3-4 oz (1.2-1.6 mm),Panel Derby Brown Nut 3.5-4 oz
Horween • Derby - Cobalt Blue - 4-5 oz (1.6 – 2 mm),Derby Cobalt Blue 3.5-4 oz
Conceria Walpier • Buttero - Resin - #2 Brown - 5-5.5 oz (2-2.2 mm),Buttero #2 Brown (Resin) 5-5.5
Conceria Walpier • Buttero - No Resin - #23 Cognac - 5-5.5 oz (2-2.2 mm),Buttero #23 Cognac (Res) 5-5.5
Conceria Walpier • Buttero - No Resin - Black - 5-5.5 oz (2-2.2 mm),Buttero #100 Black (Res) 5-5.5
Conceria Walpier • Buttero - No Resin - #11 Green - 5-5.5 oz (2-2.2 mm),Buttero #11 Green (Resin) 5-5.5
Horween Dublin Leather Panels - 2’ Panel (12”x24”) - English Tan - 3-4 oz (1.2-1.6 mm),Panel Dublin English T 3.5-4 oz
"Horween Chromexcel® Leather Panels - 2' Panel (12""x24"") - Greener Pastures - 3-4 oz (1.2-1.6 mm)",Panel Chrxl Greener P 3.5-4 oz
"Horween Chromexcel® Leather Panels - 2' Panel (12""x24"") - Natural - 3-4 oz (1.2-1.6 mm)",Panel Chrxl Natural 3.5-4 oz
Horween Dublin Leather Panels - 1’ Panel (12”x12”) - Light Natural - 3-4 oz (1.2-1.6 mm),Panel Dublin Lt Nat 3.5-4 oz
"Horween Chromexcel® Leather Panels - 2' Panel (12""x24"") - Brown - 3-4 oz (1.2-1.6 mm)",Panel Chrxl Brown 3.5-4 oz
Splenda Swatch Books - Kansas,Sample Book - All Splenda
Saphir • Pâte de Luxe Wax Polish - Neutral,Saphir Pate de Luxe
Calf Lining - Faggio,Glovey Faggio Calf Lining
Horween • Chromexcel® Double Horsefronts - Black,DHF Chrxl Black
Horween • Chromexcel® Double Horsefronts - Natural,DHF Chrxl Natural
Horween • Football - 8064 UPH Football - NO TACK,8064 Football Leather
Horween Dublin Leather Panels - 1’ Panel (12”x12”) - Black - 3-4 oz (1.2-1.6 mm),Panel Dublin Black 3.5-4 oz
Horween • Derby - Natural - 3-4 oz (1.2-1.6 mm),Derby Natural 3.5-4 oz
Horween • Derby - Light Natural - 4-5 oz (1.6 – 2 mm),Derby Light Natural 4-5 oz
Virgilio • Margot - Cobalto - 4-5 oz (1.6-2 mm),Margot Cobalto 4.5-5 oz
Tempesti Swatch Books - Elbamatt Liscio Lux,Sample Book - All Tempesti
Horween • Cavalier Chromexcel® - Ink - 5-6 oz (2-2.4 mm),*Ink Cavalier 5.5-6z
Tempesti • Elbamatt Liscio Lux - Viola - 1.8 - 2.0 (4.5-5 oz),Elbamatt Liscio Ambra 4.5-5 oz
Horween • Chromexcel® Strips - Color 8,Horsebutt Strips Chrxl Color #8
Conceria Walpier • Buttero - Resin - #19 Olive - 3-3.5 oz (1.2-1.4 mm),Buttero #19 Olive (Resin) 3-3.5
Saphir • Nappa Balm,Saphir Nappa Balm
Horween • Dublin - Olde English - 5-6 oz (2.0 –  2.4 mm),Dublin Olde English 5-6 oz
Horween • Cavalier Chromexcel® - London Bus Red - 4-5 oz (1.6-2 mm),Cavalier London Bus Red 3.5-4
Conceria Walpier • Buttero - No Resin - #102 Blue - 5-5.5 oz (2-2.2 mm),Buttero #100 Black (Res) 5-5.5
Horween • Dublin - Black - 4-5 oz (1.6 – 2 mm),*Black Dublin 4-4.5 oz
Conceria Walpier • Buttero - No Resin - #5 Burgundy - 3-3.5 oz (1.2-1.4 mm),Buttero #5 Burgundy (Res) 3-3.5
Conceria Walpier • Buttero - Resin - #23 Cognac - 3-3.5 oz (1.2-1.4 mm),Buttero #23 Cognac (Res) 3-3.5
Conceria Walpier • Buttero - Resin - Black - 3-3.5 oz (1.2-1.4 mm),Buttero #100 Black (Res) 3-3.5
Horween Dublin Leather Panels - 2’ Panel (12”x24”) - Natural - 3-4 oz (1.2-1.6 mm),Panel Dublin Natural 3.5-4 oz
Horween Derby Leather Panels - 2’ Panel (12”x24”) - Olde English - 3-4 oz (1.2-1.6 mm),Panel Derby Olde Eng 3.5-4 oz
Virgilio • Vachetta Box - Fuxia - 4-5 oz (1.6-2 mm),Vachetta Alloro 4.5-5 oz
Horween • Dublin - Brown Nut - 8-9 oz (3.2 –  3.6 mm),Dublin Brown Nut 8-9 oz
Horween • Dublin - Brown Nut - 4-5 oz (1.6 – 2 mm),*Nut Brown Dublin 4-4.5z
C.F. Stead • Kudu Waxy - Deep Forest 4.5-5.5 oz // ~11.5 SF,Kudu Waxy Deep Forest
Virgilio Swatch Books - Margot,Sample Book - Margot
Virgilio • Margot - Siena - 3-4 oz (1.2-1.6 mm),Margot Fog Siena 3-3.5 oz
Horween • Russet Horsehide Strips Stained Bundles - Hard Rolled Strips - Narrows - 7-9oz,Russet Strips HR 7-9 oz
Horween • Russet Horsehide Strips Stained Bundles - Hard Rolled Strips - Regular - 7-9oz,Russet Strips HR 7-9 oz
Horween • Chromexcel® Strips - Black,*Horsebutt Strips Black Chrxl
Tempesti • Baku - Fieno - 1.8 - 2.0 (4.5-5 oz),Baku Fieno 4.5-5 oz (1.8-2 mm)
Horween • Russet Horsehide Strips Stained Bundles - Soft Rolled Strips - Regular - 9+ oz,Russet Strips SR 9 oz and up
Conceria Walpier • Buttero - No Resin - #7 Brown - 5-5.5 oz (2-2.2 mm),Buttero #2 Brown (Resin) 5-5.5
Horween • Dublin - Greener Pastures - 5-6 oz (2.0 –  2.4 mm),Dublin Greener Pastures 5-6 oz
Horween • Essex - English Tan - 4-5 oz (1.6 – 2 mm),*English Tan Essex 4.5-5z
Horween • Dublin - Light Natural - 4-5 oz (1.6 – 2 mm),Dublin Light Natural 3.5-4  oz
"Conceria Walpier • Rocky, Belt Weight (8-9 oz) - Black",Commission
Horween • Cypress - Black - 3-4 oz (1.2-1.6 mm),Cypress Black 3.5-4oz
Horween • Cypress - English Tan - 3-4 oz (1.2-1.6 mm),Cypress English Tan 3.5-4 oz
Horween • Derby - Brown Nut - 4-5 oz (1.6 – 2 mm),Derby Brown Nut 3.5-4 oz
Horween • Derby - English Tan - 4-5 oz (1.6 – 2 mm),Derby English Tan 3.5-4 oz
Horween • Chromexcel® - Burgundy - 8-9 oz (3.2 –  3.6 mm),Chrxl #5872 Burgundy 8-9 oz
Saphir • Cotton Chamois Cloth,Saphir Cloth
Saphir • Renovateur,Saphir Renovateur
Saphir • Oiled Leather Cream - Black,Saphir Oiled Cream
Horween • Derby - Brown Nut - 5-6 oz (2.0 –  2.4 mm),Derby Brown Nut 5-6 oz
Horween • Derby - Black - 5-6 oz (2.0 –  2.4 mm),Derby Black 5-6 oz
Horween • Waxed Flesh Chromexcel® - Black - 5-6 oz,*Black Beaufort Chrxl 5.5-6z
Horween • Derby - Brown Nut - 3-4 oz (1.2-1.6 mm),Derby Brown Nut 3-3.5 oz
Horween • Horween X Baseball Glove - Tan,Glovey Tan Calf Lining
Intercom Ecostick 5020 • Water-Based Leather Glue - 250 ml (8.5 fl oz),Ecostick 5020
Horween • Derby - English Tan - 5-6 oz (2.0 –  2.4 mm),Derby English Tan 5-6 oz
The Leather Conditioner,TR Leather Conditioner
Virgilio • Vachetta - Cobalto - 4-5 oz (1.6-2 mm),Vachetta Box Cobalto 3.5-4 oz
Virgilio • Vachetta - Natural - 4-5 oz (1.6-2 mm),Vachetta Box Natural 3.5-4 oz
Horween • Chromexcel® - Burgundy - 4-5 oz (1.6 – 2 mm),*#5872 Burgundy Chrxl 4-4.5z
Tempesti • Maine Eco Lux - Avocado - 1.8 - 2.0 (4.5-5 oz),Maine Eco Lux Avocado 4.5-5 oz
Horween Dublin Leather Panels - 2’ Panel (12”x24”) - Black - 3-4 oz (1.2-1.6 mm),Panel Dublin Black 3.5-4 oz
30mm Black Cordovan Belt - Size 34 - Increase pant size by 2 for belt size - Silver,Commission
Conceria Walpier • Buttero - Resin - #16 Yellow - 3-3.5 oz (1.2-1.4 mm),Buttero #100 Black (Res) 3-3.5
Horween • Dublin - Greener Pastures - 3-4 oz (1.2-1.6 mm),Dublin Greener Pastures 3.5-4
Horween • Dublin - Brown Nut - 3-4 oz (1.2-1.6 mm),Dublin Brown Nut 3.5-4 oz
Horween • Dublin - Golf Green - 3-4 oz (1.2-1.6 mm),Rockford Dublin Golf Green 5-6
Conceria Walpier • Buttero - Resin - #102 Blue - 3-3.5 oz (1.2-1.4 mm),Buttero #100 Black (Res) 3-3.5
TR Collection Swatch Books - Italian Nubuck,Sample Book - Italian Nubuck
TR Collection Swatch Books - Nappa Lamb,"Sample Book - Kid, Lamb, Goat"
TR Collection Swatch Books - Italian Softee,Sample Book - Italian Softee
TR Collection Swatch Books - Calf Lining,Sample Book - Calf Lining
TR Collection Swatch Books - Crocco Veg,Sample Book - Crocco Veg
C.F. Stead • Waxy Mohawk - Teak: 4.5-5.5 oz (1.8-2.2 mm),Waxy Mohawk Teak Smooth
Horween • Dublin - Olde English - 4-5 oz (1.6 – 2 mm),Dublin Olde English 3.5-4 oz
Horween • Cypress - English Tan - 5-6 oz (2.0-2.4 mm),Cypress English Tan 5-6 oz
Conceria Walpier • Buttero - Resin - Black - 6.5-7 oz (2.6-2.8 mm),Buttero #100 Black (Res) 6.5-7
Conceria Walpier • Buttero - Resin - #7 Brown - 6.5-7 oz (2.6-2.8 mm),Buttero #2 Brown (Resin) 6.5-7
Splenda • Classic - Brown - 4.5-5 oz (1.8-2 mm),Splenda Classic Brown 4.5-5 oz
Splenda • Classic - Black - 4.5-5 oz (1.8-2 mm),Splenda Classic Black 4.5-5 oz
Horween • Dublin - Natural - 4-5 oz (1.6 – 2 mm),*Natural Dublin 4-4.5 oz
30mm Color 8 Cordovan Belt - Size 38 - Increase Pant Size by 2 for Belt Size - Brass,Commission
30mm Color 8 Cordovan Belt - Size 38 - Increase Pant Size by 2 for Belt Size - Silver,Commission
Leather Scrap Box - 2 Boxes (10lbs),Scrap Leather
Horween • Russet Horsehide Strips - Soft Rolled Strips - 9+ oz,Russet Strips SR 9 oz and up
C.F. Stead  Swatch Books - Waxy Commander,Sample Book - All Stead
C.F. Stead  Swatch Books - Waxy Mohawk,Sample Book - All Stead
35mm Color 8 Cordovan Belt - Size 34,Commission
Tulliani Belts • Wacker Drive - 36 - Natural Chomexcel,Commission
C.F. Stead  Swatch Books - Rambler,Sample Book - All Stead
"Tokonole • Leather Burnishing Gum, Clear - 500 g",Tokonole Clear 500g
Horween • Russet Horsehide Strips - Hard Rolled Strips - 7-9 oz,Russet Strips HR 7-9 oz
Horween Derby Leather Panels - 1’ Panel (12”x12”) - Light Natural - 5-6 oz (2-2.4 mm),Panel Derby Lt Nat 5-6 oz
Horween Dublin Leather Panels - 1’ Panel (12”x12”) - Brown Nut - 3-4 oz (1.2-1.6 mm),Panel Dublin Brown Nut 3.5-4 oz
Horween • Derby - Olde English - 4-5 oz (1.6 – 2 mm),Derby Olde English 3.5-4 oz
"Horween Chromexcel® Leather Panels - 2' Panel (12""x24"") - Black - 3-4 oz (1.2-1.6 mm)",Panel Chrxl Black 3.5-4 oz
Horween • Montana - Chocolate - 5-6 oz (2.0 –  2.4 mm),Bison Montana Black 5-6 oz
Horween • Derby - Natural - 4-5 oz (1.6 – 2 mm),Derby Natural 3.5-4 oz
Horween • Chromexcel® Strips - Tan,*Horsebutt Strips Chrxl Tan
Conceria Walpier • Buttero - No Resin - Foresta - 6.5-7 oz (2.6-2.8 mm),Buttero #100 Black (Res) 6.5-7
C.F. Stead • Doeskin - Black,Doeskin Black
Conceria Walpier • Buttero - Resin - Natural - 6.5-7 oz (2.6-2.8 mm),Buttero Natural (Resin) 6.5-7
Conceria Walpier • Buttero - No Resin - #11 Green - 3-3.5 oz (1.2-1.4 mm),Buttero #11 Green (Resin) 3-3.5
Horween Dublin Leather Panels - 2’ Panel (12”x24”) - Light Natural - 3-4 oz (1.2-1.6 mm),Panel Dublin Lt Nat 3.5-4 oz
Horween • Dublin - Black - 3-4 oz (1.2-1.6 mm),Dublin Black 3.5-4 oz
Horween • Dublin - Natural - 5-6 oz (2.0 –  2.4 mm),*Natural Dublin 5.5-6z
"Coronado • Clark Backpack, Horween Brown Nut Dublin",*Brown Nut Dublin 6-7 oz
Horween • Cypress - Dark Sand - 3-4 oz (1.2-1.6 mm),Cypress Black 3.5-4oz
Horween • Dublin - English Tan - 4-5 oz (1.6 – 2 mm),*English Tan Dublin 4.5-5z
Horween • Cypress - Persian Red - 3-4 oz (1.2-1.6 mm),Cypress Black 3.5-4oz
Horween • Dublin - English Tan - 3-4 oz (1.2-1.6 mm),Dublin Dark English Tan 4-5 oz
"Horween Chromexcel® Leather Panels - 1' Panel (12""x12"") - Burgundy - 5-6 oz (2-2.4 mm)",Panel Chrxl Burgundy 5-6 oz
"Horween Chromexcel® Leather Panels - 1' Panel (12""x12"") - Burgundy - 3-4 oz (1.2-1.6 mm)",Panel Chrxl Burgundy 3.5-4 oz
Horween Swatch Books - Glove,Sample Book - All Horween
Horween • Horween X Baseball Glove - Black,Baseball Glove Black 5 oz
Horween • Chromexcel® - Natural - 5-6 oz (2.0 –  2.4 mm),*Natural Aniline Chrxl 4.5-5oz
Horween • Essex - Brown Nut - 3-4 oz (1.2-1.6 mm),Essex Brown Nut 3.5-4 oz
Conceria Walpier • Buttero - No Resin - #7 Brown - 3-3.5 oz (1.2-1.4 mm),Buttero #2 Brown (Resin) 3-3.5
Conceria Walpier • Buttero - Resin - Black - 5-5.5 oz (2-2.2 mm),Buttero #100 Black (Res) 5-5.5
Virgilio • Smoked Matte - Natural - 3-4 oz (1.2-1.6 mm),Smoked Matte Natural 3-3.5 oz
Horween • Featherlite Baseball Glove - Black,Baseball Glove Black 5 oz
Tusting & Burnett • Sokoto Bookbinding - Midnight Navy,T & B Sokoto Book Navy 2 oz
C.F. Stead • Kudu Classic - Caramel: 4.5-5.5 oz // ~11 SF,Kudu Classic Caramel
Horween • Aspen Double Horsefronts - Natural - 2.5-3.5 oz (1.0-1.4 mm),DHF Aspen Natural
Horween • Derby - Cobalt Blue - 3-4 oz (1.2-1.6 mm),Derby Cobalt Blue 3.5-4 oz
"Horween Chromexcel® Leather Panels - 1' Panel (12""x12"") - Natural - 3-4 oz (1.2-1.6 mm)",Panel Chrxl Natural 3.5-4 oz
Horween Derby Leather Panels - 1’ Panel (12”x12”) - Natural - 3-4 oz (1.2-1.6 mm),Panel Derby Natural 3.5-4 oz
Horween Dublin Leather Panels - 1’ Panel (12”x12”) - Natural - 3-4 oz (1.2-1.6 mm),Panel Dublin Natural 3.5-4 oz
Horween • Chromexcel® - Navy - 5-6 oz (2.0 –  2.4 mm),*Navy Chrxl 5.5-6 oz
Horween Swatch Books - Football & Basketball,Sample Book - All Horween
Conceria Walpier • Buttero - Resin - #7 Brown - 5-5.5 oz (2-2.2 mm),Buttero #2 Brown (Resin) 5-5.5
"Horween Chromexcel® Leather Panels - 1' Panel (12""x12"") - Brown - 3-4 oz (1.2-1.6 mm)",Panel Chrxl Brown 3.5-4 oz
Horween • Dearborn - Fun Blue - 5-6 oz (2.0-2.4 mm),Dearborn Fun Blue 5-6 oz
Horween • Chromexcel® - Natural - 8-9 oz (3.2 –  3.6 mm),Beaufort Chrxl Natural 9-10 oz
Horween • Derby - Russet Brown - 4-5 oz (1.6 – 2 mm),Derby Russet Brown 3.5-4 oz
Horween • Chromexcel® - Natural - 3-4 oz (1.2-1.6 mm),*Chrxl Natural 4-5 oz
Horween • Chromexcel® - Greener Pastures - 3-4 oz (1.2-1.6 mm),Chrxl Greener Pastures 4-5 oz
Horween • Chromexcel® - Black - 3-4 oz (1.2-1.6 mm),*Black Chrxl 4-5 oz
Arazzo Alaska Upholstery Leather - Sage,Arazzo Alaska 0.9-1.1 mm
Horween Derby Leather Panels - 2’ Panel (12”x24”) - English Tan - 5-6 oz (2-2.4 mm),Panel Derby English T 5-6 oz
Horween • Chromexcel® - Greener Pastures - 5-6 oz (2.0 –  2.4 mm),Chrxl Greener Pastures 5-6 oz
Conceria Walpier • Buttero - Resin - Natural - 3-3.5 oz (1.2-1.4 mm),Buttero Natural (Resin) 3-3.5
Conceria Walpier • Buttero - No Resin - #2 Brown - 5-5.5 oz (2-2.2 mm),Buttero #2 Brown (Resin) 5-5.5
Horween • Essex - Natural - 4-5 oz (1.6 – 2 mm),*Natural Essex 4.5-5oz
Horween • Latigo - Moc - 5-6 oz (2.0 –  2.4 mm),*Anil Latigo Dark Rio 5-6 oz
Horween • Latigo - Black - 5-6 oz (2.0 –  2.4 mm),Aniline Latigo Black 5-6 oz
Horween • Latigo - Rio - 5-6 oz (2.0 –  2.4 mm),Aniline Latigo Rio 5-6 oz
Intercom Ecostick 1816B • Water-Based Leather Glue - 1 Box - 2 Bags (10 kg),Ecostick 1816B
Conceria Walpier • Buttero - Resin - #11 Green - 5-5.5 oz (2-2.2 mm),Buttero #11 Green (Resin) 5-5.5
Conceria Walpier • Buttero - Resin - #9 Red - 3-3.5 oz (1.2-1.4 mm),Buttero #100 Black (Res) 3-3.5
Conceria Walpier • Buttero - Resin - #11 Green - 3-3.5 oz (1.2-1.4 mm),Buttero #11 Green (Resin) 3-3.5
35mm Garnet Cordovan Belt - 36 - Increase Pant Size by 2 for Belt Size,Commission
Virgilio • Vachetta - Turchese - 3-4 oz (1.2-1.6 mm),Vachetta Alloro 3-3.5 oz
Horween • Cavalier Chromexcel® - Carolina Brown - 3-4 oz (1.2-1.6 mm),*Carolina Brown Chrxl 4-5 oz
Horween • LaSalle - Fun Blue - 5-6 oz (2.0-2.4 mm),Lasalle Fun Blue 5-6 oz
Horween • Cavalier Chromexcel® - London Bus Red - 3-4 oz (1.2-1.6 mm),Cavalier London Bus Red 3.5-4
Virgilio Swatch Books - Smoked Matte,Sample Book - Smoked Matte
Splenda Swatch Books - Classic,Sample Book - All Splenda
Horween Derby Leather Panels - 1’ Panel (12”x12”) - Light Natural - 3-4 oz (1.2-1.6 mm),Panel Derby Lt Nat 3.5-4 oz
Horween • Dublin - Light Natural - 5-6 oz (2.0 –  2.4 mm),Dublin Light Natural 5-6 oz
Horween • Chromexcel® - Black - 5-6 oz (2.0 –  2.4 mm),*Black Beaufort Chrxl 5.5-6z
Horween • Derby - English Tan - 3-4 oz (1.2-1.6 mm),Derby English Tan 3.5-4 oz
Horween • Dublin - Black - 8-9 oz (3.2 –  3.6 mm),Dublin Black 8-9 oz
Horween • Chromexcel® - Black - 4-5 oz (1.6 – 2 mm),*Black Chrxl 4-5 oz
Conceria Walpier • Buttero - No Resin - Black - 3-3.5 oz (1.2-1.4 mm),Buttero #100 Black (Res) 3-3.5
Horween • Dublin - Light Natural - 3-4 oz (1.2-1.6 mm),Dublin Light Natural 3-3.5 oz
Horween • Cavalier Chromexcel® - Carolina Brown - 5-6 oz (2-2.4 mm),Cavalier Carolina Brown 5-6 oz
Horween • Essex - Black - 3-4 oz (1.2-1.6 mm),Essex Black 3-3.5 oz
Horween • Russet Horsehide Strips Stained Bundles - Soft Rolled Strips - Regular - 7-9oz,Russet Strips SR 7-9 oz
Horween Dublin Leather Panels - 2’ Panel (12”x24”) - Natural - 5-6 oz (2-2.4 mm),Panel Dublin Natural 5-6 oz
Horween Dublin Leather Panels - 2’ Panel (12”x24”) - Brown Nut - 3-4 oz (1.2-1.6 mm),Panel Dublin Brown Nut 3.5-4 oz
Horween Dublin Leather Panels - 1’ Panel (12”x12”) - English Tan - 5-6 oz (2-2.4 mm),Panel Dublin English T 5-6 oz
Horween Dublin Leather Panels - 1’ Panel (12”x12”) - Black - 5-6 oz (2-2.4 mm),Panel Dublin Black 5-6 oz
"Horween Chromexcel® Leather Panels - 1' Panel (12""x12"") - Navy - 5-6 oz (2-2.4 mm)",Panel Chrxl Navy 5-6 oz
Horween Dublin Leather Panels - 2’ Panel (12”x24”) - Light Natural - 5-6 oz (2-2.4 mm),Panel Dublin Lt Nat 5-6 oz
Horween Derby Leather Panels - 1’ Panel (12”x12”) - Brown Nut - 3-4 oz (1.2-1.6 mm),Panel Derby Brown Nut 3.5-4 oz
"Horween Chromexcel® Leather Panels - 2' Panel (12""x24"") - Greener Pastures - 5-6 oz (2-2.4 mm)",Panel Chrxl Greener P 5-6 oz
Conceria Walpier • Tuscany - Single Shoulder (7-8.5 sf) - Foresta - 5-5.5 oz (2-2.2 mm),Tuscany #100 Black 5-5.5 oz
Horween Swatch Books - Montana,Sample Book - All Horween
Conceria Walpier • Buttero - No Resin - #7 Brown - 6.5-7 oz (2.6-2.8 mm),Buttero #2 Brown (Resin) 6.5-7
Horween • Dublin - English Tan - 5-6 oz (2.0 –  2.4 mm),*English Tan Dublin 4.5-5z
Conceria Walpier • Buttero - Resin - Foresta - 3-3.5 oz (1.2-1.4 mm),Buttero #100 Black (Res) 3-3.5
Tulliani Belts • Hubbard Street - 34 - Black Chromexcel,Commission
Tulliani Belts • Hubbard Street - 34 - Brown Chromexcel,Commission
Tulliani Belts • Elston Ave - 34 - Rio Latigo,Commission
Horween • Pinnacle Double Horsefronts - Black,DHF Pinnacle Black
Splenda • Classic - Tan - 4.5-5 oz (1.8-2 mm),Splenda Classic Tan 4.5-5 oz
Horween • Montana Bison - Color 8,Bison Montana Color #8 5-6 oz
Conceria Walpier • Buttero - Resin - #7 Brown - 3-3.5 oz (1.2-1.4 mm),Buttero #2 Brown (Resin) 3-3.5
Conceria Walpier • Buttero - Resin - #131 Violet - 3-3.5 oz (1.2-1.4 mm),Buttero #100 Black (Res) 3-3.5
Horween • Cypress - Tokyo Purple - 3-4 oz (1.2-1.6 mm),Cypress Tokyo Purple 3.5-4 oz
Tusting & Burnett • Mad Dog® - Danube Blue,T&B Mad Dog Danube 2-2.5 oz
Horween Derby Leather Panels - 2’ Panel (12”x24”) - English Tan - 3-4 oz (1.2-1.6 mm),Panel Derby English T 3.5-4 oz
"Conceria Walpier • Rocky, Belt Weight (8-9 oz) - Foresta",Commission
Horween • Chromexcel® - Brown - 4-5 oz (1.6 – 2 mm),*Brown Chrxl 4-4.5oz.
"Horween Chromexcel® Leather Panels - 2' Panel (12""x24"") - Navy - 5-6 oz (2-2.4 mm)",Panel Chrxl Navy 5-6 oz
Horween • Dublin - Black - 5-6 oz (2.0 –  2.4 mm),*Black Dublin 5.5-6z
Conceria Walpier • Buttero - No Resin - #102 Blue - 3-3.5 oz (1.2-1.4 mm),Buttero #100 Black (Res) 3-3.5
Virgilio • Margot - Cobalto - 3-4 oz (1.2-1.6 mm),Margot Cobalto 3-3.5 oz
Virgilio • Smoked Matte - Cobalto - 4-5 oz (1.6-2 mm),Smoked Matte Cobalto 4.5-5 oz
"Tokonole • Leather Burnishing Gum, Brown",Tokonole Brown 120g
Horween Derby Leather Panels - 1’ Panel (12”x12”) - Black - 3-4 oz (1.2-1.6 mm),Panel Derby Black 3.5-4 oz
"Horween Chromexcel® Leather Panels - 2' Panel (12""x24"") - Navy - 3-4 oz (1.2-1.6 mm)",Panel Chrxl Navy 3.5-4 oz
"Tokonole • Leather Burnishing Gum, Black",Tokonole Black 120g
"Horween Chromexcel® Leather Panels - 2' Panel (12""x24"") - Black - 5-6 oz (2-2.4 mm)",Panel Chrxl Black 5-6 oz
"Horween Chromexcel® Leather Panels - 1' Panel (12""x12"") - Navy - 3-4 oz (1.2-1.6 mm)",Panel Chrxl Navy 3.5-4 oz
"Saphir Bundle • Polish, Brush &amp; Cloth Set - Neutral",Saphir Brush
Saphir • Pâte de Luxe Wax Polish - Black,Saphir Pate de Luxe
Horween Dublin Leather Panels - 2’ Panel (12”x24”) - Olde English - 5-6 oz (2-2.4 mm),Panel Dublin Olde Eng 5-6 oz
Tempesti • Elbamatt Liscio Lux - Ambra - 1.8 - 2.0 (4.5-5 oz),Elbamatt Liscio Ambra 4.5-5 oz
Tempesti • Elbamatt Liscio - Nero - 1.8 - 2.0 (4.5-5 oz),Elbamatt Liscio Ambra 4.5-5 oz
Tempesti • Elbamatt Liscio Lux - Cammello - 1.8 - 2.0 (4.5-5 oz),Elbamatt Liscio Cammello 4.5-5
Virgilio • Vachetta - Olmo - 4-5 oz (1.6-2 mm),Vachetta Box Olmo 3.5-4 oz
Splenda • Classic - Black - 8.5-9 oz (3.4-3.6 mm),Splenda Classic Black 8.5-9 oz
Calf Lining - Ivory,Glovey Ivory Calf Lining
"Horween Chromexcel® Leather Panels - 2' Panel (12""x24"") - Brown - 5-6 oz (2-2.4 mm)",Panel Chrxl Brown 5-6 oz
"Horween Chromexcel® Leather Panels - 1' Panel (12""x12"") - Natural - 5-6 oz (2-2.4 mm)",Panel Chrxl Natural 5-6 oz
Horween • Aspen Double Horsefronts - Dark Brown - 4-5 oz (1.6-2.0 mm),DHF Aspen Dark Brown
Virgilio Swatch Books - Margot Fog,Sample Book - Margot
Horween • Chromexcel® - Navy - 3-4 oz (1.2-1.6 mm),Chrxl Navy 3.5-4 oz
Conceria Walpier • Tuscany - Double Shoulder (14-17 sf) - Cognac #23 - 6.5-7 oz (2.6-2.8 mm),Tuscany #23 Cognac 6.5-7 oz
Horween • Cavalier Chromexcel® - Ink - 3-4 oz (1.2-1.6 mm),Cavalier Ink 3.5-4 oz
"Horween Chromexcel® Leather Panels - 1' Panel (12""x12"") - Greener Pastures - 3-4 oz (1.2-1.6 mm)",Panel Chrxl Greener P 3.5-4 oz
"Horween Chromexcel® Leather Panels - 1' Panel (12""x12"") - Black - 3-4 oz (1.2-1.6 mm)",Panel Chrxl Black 3.5-4 oz
Horween • Russet Horsehide Strips Stained Bundles - Soft Rolled Strips - Narrows - 7-9oz,Russet Strips SR 7-9 oz
Horween • Russet Horsehide Strips Stained Bundles - Hard Rolled Strips - Narrows - 9+ oz,Russet Strips HR 9 oz and up
Tannery Row • Gift Card,Gift card
"Horween Chromexcel® Leather Panels - 2' Panel (12""x24"") - Burgundy - 5-6 oz (2-2.4 mm)",Panel Chrxl Burgundy 5-6 oz
Horween • Dublin - Natural - 8-9 oz (3.2 –  3.6 mm),Dublin Natural 8-9 oz
Horween • Predator - Orange - 4-5oz,Predator Orange 3.5-4 oz
Horween • Yellowstone Double Horsefronts - English Tan,DHF Yellowstone English Tan
Horween • Latigo - Rio - 4-5 oz (1.6 – 2 mm),Aniline Latigo Rio 3.5-4 oz
Horween Derby Leather Panels - 1’ Panel (12”x12”) - Natural - 5-6 oz (2-2.4 mm),Panel Derby Natural 5-6 oz
Tusting & Burnett • Mad Dog® - Tristan Red,T&B Mad Dog Tristan Red 2 oz
Tusting & Burnett Swatch Books - Mad Dog,Sample Book - T & B Mad Dog
Horween • Derby - Russet Brown - 5-6 oz (2.0 –  2.4 mm),Derby Russet Brown 5-6 oz
Horween • Dublin - Brown Nut - 5-6 oz (2.0 –  2.4 mm),*Brown Nut Dublin 6-7 oz
Tempesti • Elbamatt Liscio - Viola - 1.8 - 2.0 (4.5-5 oz),Elbamatt Liscio Ambra 4.5-5 oz
Tempesti • Elbamatt Liscio Lux - Cammello - 1.0  - 1.2 mm (2.5-3 oz),Elbamatt Liscio Cammello 4.5-5
Horween Dublin Leather Panels - 1’ Panel (12”x12”) - Light Natural - 5-6 oz (2-2.4 mm),Panel Dublin Lt Nat 5-6 oz
Horween Dublin Leather Panels - 1’ Panel (12”x12”) - Olde English - 5-6 oz (2-2.4 mm),Panel Dublin Olde Eng 5-6 oz
30mm Color 8 Cordovan Belt - Size 36 - Increase Pant Size by 2 for Belt Size - Brass,Commission
Horween Derby Leather Panels - 1’ Panel (12”x12”) - Brown Nut - 5-6 oz (2-2.4 mm),Panel Derby Brown Nut 5-6 oz
"Horween Chromexcel® Leather Panels - 1' Panel (12""x12"") - Brown - 5-6 oz (2-2.4 mm)",Panel Chrxl Brown 5-6 oz
Horween Derby Leather Panels - 2’ Panel (12”x24”) - Black - 3-4 oz (1.2-1.6 mm),Panel Derby Black 3.5-4 oz
"Horween Chromexcel® Leather Panels - 2' Panel (12""x24"") - Burgundy - 3-4 oz (1.2-1.6 mm)",Panel Chrxl Burgundy 3.5-4 oz
Horween • Toasted Coconut Dublin N 4-5 oz,*Black Dublin 4-4.5 oz
Horween • Olde English Dublin 5-6 oz,Dublin Olde English 5-6 oz
Horween • Predator - Black - 3.5-4oz,Predator Black 3.5-4 oz
Italian Nubuck - Milk Chocolate - 3.5 - 4 oz.,Italian Nubuck Aubergine
C.F. Stead • Kudu Waxy - Bitter Chocolate: 4.5-5.5 oz // 10-13.5 SF,Kudu Waxy Bitter Chocolate
Horween • Football - 864 Football - WITH TACK,864 Football Leather
Horween • Essex - English Tan - 5-6 oz (2.0 –  2.4 mm),*English Tan Essex 4.5-5z
Horween • Dublin - Russet Brown - 4-5 oz (1.6 – 2 mm),Dublin Russet Brown 3.5-4 oz
Horween • Dublin - Russet Brown - 3-4 oz (1.2-1.6 mm),Dublin Russet Brown 3.5-4 oz
Horween • Derby - Black - 3-4 oz (1.2-1.6 mm),Derby Black 3.5-4 oz
Horween • Derby - Light Natural - 3-4 oz (1.2-1.6 mm),Derby Light Natural 3-3.5 oz
Horween • Essex - Natural - 3-4 oz (1.2-1.6 mm),Essex Natural 3-3.5 oz
32mm Color 8 Cordovan Belt - Size 34 - Increase Pant Size by 2 for Belt Size - Silver,Commission
30mm Black Cordovan Belt - Size 38 - Increase pant size by 2 for belt size - Brass,Commission
30mm Bourbon Cordovan Belt - 38 - Increase Pant Size by 2 for Belt Size - Brass,Commission
Horween • Cavalier Chromexcel® - Whiskey - 8-9 oz (3.2 –  3.6 mm),Cavalier Whiskey 8-9 oz
35mm Black Cordovan Belt - Size 36 - Increase Pant Size by 2 for Belt Size,Commission
35mm Color 8 Cordovan Belt - Size 36,Commission
Saphir • Oiled Leather Cream - Natural,Saphir Oiled Cream
Tempesti Swatch Books - Baku,Sample Book - All Tempesti
Intercom Ecostick 1816B • Water-Based Leather Glue - 1 Bag (5 kg),Ecostick 1816B
Virgilio • Margot Fog - Fuxia - 4-5 oz (1.6-2 mm),Margot Alloro 4.5-5 oz
Virgilio • Margot - Turchese - 3-4 oz (1.2-1.6 mm),Margot Alloro 3-3.5 oz
Tempesti • Elbamatt Liscio - Siena - 1.0  - 1.2 mm (2.5-3 oz),Elbamatt Liscio Siena 4.5-5 oz
Tempesti • Elbamatt Liscio - Bruciato - 1.8 - 2.0 (4.5-5 oz),Elbamatt Liscio Ambra 4.5-5 oz
Virgilio • Margot Fog - Mandarino - 4-5 oz (1.6-2 mm),Margot Alloro 4.5-5 oz
Horween • Aspen Double Horsefronts - Dark Brown - 2.5-3.5 oz (1.0-1.4 mm),DHF Aspen Dark Brown
Horween • Aspen Double Horsefronts - Navy - 4-5 oz (1.6-2.0 mm),DHF Aspen Navy
Horween • Aspen Double Horsefronts - Burgundy - 4-5 oz (1.6-2.0 mm),DHF Aspen Burgundy
Horween • Aspen Double Horsefronts - Black - 2.5-3.5 oz (1.0-1.4 mm),DHF Aspen Black
Virgilio • Margot Fog - Fragola - 4-5 oz (1.6-2 mm),Margot Alloro 4.5-5 oz
C.F. Stead • Repello Calf Suede - Snuff: 3.5-4.5 oz (1.4-1.8mm),Snuffed Suede Chocolate 8-9 oz
Virgilio • Margot Fog - Siena - 4-5 oz (1.6-2 mm),Margot Fog Siena 4.5-5 oz
Virgilio • Vachetta Box - Alloro - 4-5 oz (1.6-2 mm),Vachetta Alloro 4.5-5 oz
C.F. Stead • Regency Calf - Polo Brown: 3.5-4.5 oz (1.4-1.8mm),Regency Calf Polo Brown
Virgilio • Margot Fog - Militare - 3-4 oz (1.2-1.6 mm),Margot Alloro 3-3.5 oz
Virgilio • Vachetta - Militare - 4-5 oz (1.6-2 mm),Vachetta Alloro 4.5-5 oz
Virgilio • Margot Fog - Natural - 3-4 oz (1.2-1.6 mm),Margot Fog Natural 3-3.5 oz
Virgilio • Smoked Matte - Mandarino - 4-5 oz (1.6-2 mm),Smoked Matte  Alloro 4.5-5 oz
Conceria Walpier • Tuscany - Single Shoulder (7-8.5 sf) - Black #100 - 5-5.5 oz (2-2.2 mm),Tuscany #100 Black 5-5.5 oz
Virgilio • Margot Fog - Seppia - 4-5 oz (1.6-2 mm),Margot Alloro 4.5-5 oz
Italian Crocco Veg - Dark Brown - 7-8 oz (2.8-3 mm),Crocco Veg Dark Brown 7-8 oz
Intercom Ecostick 5020 • Water-Based Leather Glue - 1 Box - 2 Bags (10 kg),Ecostick 5020
35mm Black Cordovan Belt - Size 38 - Increase Pant Size by 2 for Belt Size,Commission
35mm Bourbon Cordovan Belt - 38 - Increase Pant Size by 2 for Belt Size - Silver,Commission
35mm Garnet Cordovan Belt - 38 - Increase Pant Size by 2 for Belt Size,Commission
Splenda • Classic - Natural - 8.5-9 oz (3.4-3.6 mm),Splenda Classic Natural 8.5-9
Conceria Walpier • Tuscany - Single Shoulder (7-8.5 sf) - Cognac #23 - 5-5.5 oz (2-2.2 mm),Tuscany #23 Cognac 5-5.5 oz
"Conceria Walpier • Rocky, Belt Weight (8-9 oz) - Cuoio",Commission
Horween • Chromexcel Single Horsefronts - Black,DHF Chrxl Black
Conceria Walpier • Buttero - Resin - Foresta - 6.5-7 oz (2.6-2.8 mm),Buttero #100 Black (Res) 6.5-7
Virgilio • Margot Fog - Girasole - 4-5 oz (1.6-2 mm),Margot Fog Girasole 4.5-5 oz
"Coronado • Clark Backpack, Horween Black LaSalle",Lasalle Black 3.5-4 oz
Horween • Toasted Coconut Dublin 4-5 oz,*Black Dublin 4-4.5 oz
Horween • Puttman - Green,Puttman Green 3.5-4 oz
Virgilio • Margot Fog - Lilla - 4-5 oz (1.6-2 mm),Margot Fog Lilla 4.5-5 oz
Conceria Walpier • Museum - #11 Green,Museum #11 Green 3.5-4 oz
Horween • Chromexcel® - Brown - 3-4 oz (1.2-1.6 mm),Beaufort Chrxl #93 Brown 4-5 oz
Conceria Walpier • Buttero - Resin - #102 Blue - 6.5-7 oz (2.6-2.8 mm),Buttero #100 Black (Res) 6.5-7
Arazzo Portsmouth Upholstery Leather - Turquoise,Arazzo Portsmouth 0.9-1.1mm
Horween Swatch Books - Cavalier,Sample Book - All Horween
Horween Swatch Books - Dearborn,Sample Book - All Horween
Virgilio • Smoked Matte - Militare - 4-5 oz (1.6-2 mm),Smoked Matte  Alloro 4.5-5 oz
Virgilio • Smoked Matte - Alloro - 4-5 oz (1.6-2 mm),Smoked Matte  Alloro 4.5-5 oz
Horween • Essex - Brown Nut - 5-6 oz (2.0 –  2.4 mm),*Nut Brown Essex 4.5-5z
Horween • Dublin - Cobalt Blue - 5-6 oz (2.0 –  2.4 mm),Dublin Cobalt Blue 5-6 oz
Horween • Dublin - Russet Brown - 5-6 oz (2.0 –  2.4 mm),Dublin Russet Brown 5-6 oz
32mm Color 8 Cordovan Belt - Size 36 - Increase Pant Size by 2 for Belt Size - Brass,Commission
"Horween Chromexcel® Leather Panels - 1' Panel (12""x12"") - Greener Pastures - 5-6 oz (2-2.4 mm)",Panel Chrxl Greener P 5-6 oz
Tulliani Belts • Wacker Drive - 38 - Natural Chomexcel,Commission
Virgilio Swatch Books - Vachetta Heavyweight,Sample Book - Vachetta
Calf Lining - Tan,Glovey Tan Calf Lining
Conceria Walpier • Buttero - Resin - #102 Blue - 5-5.5 oz (2-2.2 mm),Buttero #100 Black (Res) 5-5.5
Horween • Light Natural Derby,Derby Light Natural 3-3.5 oz
Conceria Walpier • Buttero - No Resin - #23 Cognac - 6.5-7 oz (2.6-2.8 mm),Buttero #23 Cognac (Res) 6.5-7
Tusting & Burnett • Sokoto Dip Dye - Heritage,T & B Sokoto Book Azure 2 oz
Virgilio • Margot Fog - Natural - 4-5 oz (1.6-2 mm),Margot Fog Natural 4.5-5 oz
Tusting & Burnett Swatch Books - Sokoto Dip-Dye,Sample Book - T & B Dip Dye
Virgilio • Margot Fog - Girasole - 3-4 oz (1.2-1.6 mm),Margot Fog Girasole 3-3.5 oz
Virgilio • Margot - Lilla - 4-5 oz (1.6-2 mm),Margot Fog Lilla 4.5-5 oz
Tusting & Burnett Swatch Books - Marsh,Sample Book - T & B Marsh
Tempesti Swatch Books - Maine Liscio,Sample Book - All Tempesti
Virgilio • Margot - Mandarino - 4-5 oz (1.6-2 mm),Margot Alloro 4.5-5 oz
Horween • Cypress - Dark Chestnut - 3-4 oz (1.2-1.6 mm),Cypress Dark Chestnut 3.5-4 oz
Horween • Derby - Olde English - 3-4 oz (1.2-1.6 mm),Derby Olde English 3.5-4 oz
Horween • Russet Horsehide Strips Stained Bundles - Soft Rolled Strips - Narrows - 9+ oz,Russet Strips SR 9 oz and up
Horween • Essex - Brown Nut - 4-5 oz (1.6 – 2 mm),*Nut Brown Essex 4.5-5z
Horween • Dublin - Black,*Black Dublin 4-4.5 oz
Horween • Chromexcel® Double Horsefronts - Color 8,DHF Chrxl Color #8
Horween • Chromexcel® - Black - 8-9 oz (3.2 –  3.6 mm),Chrxl Black 8-9 oz
Horween • Dearborn - Havana - 3-4 oz (1.2-1.6 mm),Dearborn Black 3.5-4 oz
Horween • Dublin - English Tan - 8-9 oz (3.2 –  3.6 mm),Dublin English Tan 8-9 oz
Virgilio • Margot Fog - Olmo - 4-5 oz (1.6-2 mm),Margot Fog Olmo 4.5-5 oz
Horween • Cypress - Tokyo Purple - 5-6 oz (2.0-2.4 mm),Cypress Tokyo Purple 5-6 oz
Virgilio • Margot Fog - Alloro - 4-5 oz (1.6-2 mm),Margot Alloro 4.5-5 oz
Horween • Cypress - Storm Blue - 3-4 oz (1.2-1.6 mm),Cypress Black 3.5-4oz
Tempesti • Elbamatt Liscio - Ambra - 1.0  - 1.2 mm (2.5-3 oz),Elbamatt Liscio Ambra 4.5-5 oz
Tempesti • Baku - Fieno - 1.0  - 1.2 mm (2.5-3 oz),Baku Fieno 4.5-5 oz (1.8-2 mm)
Tempesti • Maine Eco Lux - T. Moro - 1.0  - 1.2 mm (2.5-3 oz),Maine Eco Lux T. Moro 4.5-5 oz
Horween Derby Leather Panels - 2’ Panel (12”x24”) - Light Natural - 5-6 oz (2-2.4 mm),Panel Derby Lt Nat 5-6 oz
Tempesti Swatch Books - Elbamatt Liscio,Sample Book - All Tempesti
C.F. Stead  Swatch Books - Repello Calf,Sample Book - All Stead
C.F. Stead  Swatch Books - Janus Calf,Sample Book - All Stead
Horween Derby Leather Panels - Brown Nut - 2’ Panel (12”x24”) - 5-6 oz (2-2.4 mm),Panel Derby Brown Nut 5-6 oz
Horween • Chromexcel Single Horsefronts - Brown,DHF Chrxl Brown
Horween • Chromexcel Single Horsefronts - Color 8,DHF Chrxl Color #8
Virgilio • Margot Fog - Cobalto - 4-5 oz (1.6-2 mm),Margot Cobalto 4.5-5 oz
Virgilio • Margot Fog - Castagna - 4-5 oz (1.6-2 mm),Margot Castagna 4.5-5 oz
Virgilio • Smoked Matte - Topo - 4-5 oz (1.6-2 mm),Smoked Matte Topo 4.5-5 oz
Virgilio • Margot Fog - Topo - 4-5 oz (1.6-2 mm),Margot Fog Topo 4.5-5 oz
Virgilio • Margot Fog - Siena - 3-4 oz (1.2-1.6 mm),Margot Fog Siena 3-3.5 oz
Horween • Pinnacle Double Horsefronts - Sienna,DHF Pinnacle Sienna
Horween • Cypress - Color 8 - 3-4 oz (1.2-1.6 mm),Cypress Color 8 3.5-4 oz
Horween Swatch Books - Predator,Sample Book - All Horween
Horween • Vermont Double Horsefronts - Black,DHF Vermont Black
Horween • Dublin - Russet Brown - 8-9 oz (3.2 –  3.6 mm),Dublin Russet Brown 8-9 oz
Horween • Aspen Double Horsefronts - Black - 4-5 oz (1.6-2.0 mm),DHF Aspen Black
Horween • Montana Bison - Black,Bison Montana Black 5-6 oz
Les Rives Swatch Books - Techno,Sample Book - Les Rives Techno
Les Rives Swatch Books - Piuma,Sample Book - Les Rives Piuma
Tulliani Belts • Carroll Ave - 32 - Rio Latigo,Commission
Saphir • Cordovan Cream - Dark Brown,Saphir Cordovan Cream
Horween • Puttman - Seahawk,Puttman Black 3.5-4 oz
Horween Derby Leather Panels - 1’ Panel (12”x12”) - Olde English - 3-4 oz (1.2-1.6 mm),Panel Derby Olde Eng 3.5-4 oz
Horween • Chromexcel Single Horsefronts - Dark Brown Waxed Flesh,DHF Chrxl Brown
Onda Verde Swatch Books - Ghiaccio Calf,Sample Book - Ghiaccio Calf
Horween • Puttman - Black,Puttman Black 3.5-4 oz
Conceria Walpier • Buttero - Resin - #19 Olive - 6.5-7 oz (2.6-2.8 mm),Buttero #19 Olive (Resin) 6.5-7
Horween • Krypto - Vetiver,Krypto Vetiver 3.5-4 oz
Conceria Walpier • Tuscany - Double Shoulder (14-17 sf) - Black #100 - 5-5.5 oz (2-2.2 mm),Tuscany #100 Black 5-5.5 oz
Conceria Walpier • Tuscany - Double Shoulder (14-17 sf) - Burgundy #5 - 3-3.5 oz (1.2-1.4 mm),Tuscany #5 Burgundy 3-3.5 oz
Virgilio • Margot Fog - Fragola - 3-4 oz (1.2-1.6 mm),Margot Alloro 3-3.5 oz
Virgilio • Margot Fog - Turchese - 3-4 oz (1.2-1.6 mm),Margot Alloro 3-3.5 oz
Horween • Cavalier Chromexcel® - Whiskey - 3-4 oz (1.2-1.6 mm),Bison Cavalier Whiskey 4-5 oz
Horween • Derby - Russet Brown - 3-4 oz (1.2-1.6 mm),Derby Russet Brown 3.5-4 oz
Virgilio • Margot - Fuxia - 3-4 oz (1.2-1.6 mm),Margot Alloro 3-3.5 oz
Virgilio • Margot - Girasole - 3-4 oz (1.2-1.6 mm),Margot Fog Girasole 3-3.5 oz
Horween Derby Leather Panels - 1’ Panel (12”x12”) - Olde English - 5-6 oz (2-2.4 mm),Panel Derby Olde Eng 5-6 oz
Horween Derby Leather Panels - 1’ Panel (12”x12”) - Black - 5-6 oz (2-2.4 mm),Panel Derby Black 5-6 oz
Saphir • Brush,Saphir Brush
Virgilio • Margot Fog - Lilla - 3-4 oz (1.2-1.6 mm),Margot Fog Lilla 3-3.5 oz
Conceria Walpier • Buttero - Resin - #11 Green - 6.5-7 oz (2.6-2.8 mm),Buttero #11 Green (Resin) 6.5-7
Virgilio • Margot Fog - Mandarino - 3-4 oz (1.2-1.6 mm),Margot Alloro 3-3.5 oz
Horween • Chromexcel® - Brown - 8-9 oz (3.2 –  3.6 mm),*Brown Chromexcel 8/9oz
Horween • Illini Latigo - Black - 5-6 oz (2.0 –  2.4 mm),Aniline Latigo Black 5-6 oz
Virgilio • Margot Fog - Turchese - 4-5 oz (1.6-2 mm),Margot Alloro 4.5-5 oz
Virgilio • Margot Fog - Olmo - 3-4 oz (1.2-1.6 mm),Margot Fog Olmo 3-3.5 oz
Virgilio • Margot Fog - Fuxia - 3-4 oz (1.2-1.6 mm),Margot Alloro 3-3.5 oz
Horween • Puttman - Cobalt,Puttman Black 3.5-4 oz
Horween • Puttman - Burgundy,Puttman Burgundy 3.5-4 oz
Virgilio • Margot Fog - Topo - 3-4 oz (1.2-1.6 mm),Margot Fog Topo 3-3.5 oz
Horween • Dublin - Brown Nut,*Brown Nut Dublin 6-7 oz
Virgilio • Margot Fog - Seppia - 3-4 oz (1.2-1.6 mm),Margot Alloro 3-3.5 oz
Virgilio • Margot Fog - Alloro - 3-4 oz (1.2-1.6 mm),Margot Alloro 3-3.5 oz
Saphir • Oiled Leather Cream - Medium Brown,Saphir Oiled Cream
Tulliani Belts • LaSalle Street - 38 - Brown Chromexcel,Commission
Saphir • Oiled Leather Cream - Dark Brown,Saphir Oiled Cream
Horween • Vermont Double Horsefronts - Bone,DHF Vermont Bone
Horween • Dublin - Light Natural,Dublin Light Natural 3-3.5 oz
Virgilio • Vachetta - Seppia - 4-5 oz (1.6-2 mm),Vachetta Alloro 4.5-5 oz
Horween • Dublin - Natural - 3-4 oz (1.2-1.6 mm),Dublin Natural 3.5-4 oz
Virgilio • Vachetta Box - Militare - 4-5 oz (1.6-2 mm),Vachetta Alloro 4.5-5 oz
Tempesti • Fenice - Fuxia,*Fenice 1.8-2.0mm
Tempesti • Fenice - Turchese,*Fenice 1.8-2.0mm
Virgilio • Vachetta - Lilla - 3-4 oz (1.2-1.6 mm),Vachetta Box Lilla 3.5-4 oz
Horween • Essex - English Tan - 3-4 oz (1.2-1.6 mm),Essex English Tan 3.5-4 oz
Tannery Row Collection - Crocco Veg,Crocco Veg Black 5-5.5 oz
Horween • Waxed Flesh Chromexcel® - Dark Brown - 5-6 oz,*Brown Chromexcel 5.5-6oz.
C.F. Stead • Waxy Mohawk - Stone: 4.5-5.5 oz (1.8-2.2 mm),Waxy Mohawk Stone Smooth
Virgilio • Margot - Mandarino - 3-4 oz (1.2-1.6 mm),Margot Alloro 3-3.5 oz
Horween • Cavalier Chromexcel® - Whiskey - 5-6 oz (2-2.4 mm),*Whiskey Cavalier 5.5-6z
Horween Dublin Leather Panels - 1’ Panel (12”x12”) - Natural - 5-6 oz (2-2.4 mm),Panel Dublin Natural 5-6 oz
"Horween Chromexcel® Leather Panels - 2' Panel (12""x24"") - Natural - 5-6 oz (2-2.4 mm)",Panel Chrxl Natural 5-6 oz
Horween Derby Leather Panels - 1’ Panel (12”x12”) - English Tan - 3-4 oz (1.2-1.6 mm),Panel Derby English T 3.5-4 oz
C.F. Stead • Rambler - Stone - 4.5-5oz (1.8-2 mm),Rambler Stone
Horween • Chromexcel® - Brown - 5-6 oz (2.0 –  2.4 mm),*Brown Chromexcel 5.5-6oz.
Virgilio • Margot - Natural - 3-4 oz (1.2-1.6 mm),Margot Fog Natural 3-3.5 oz
Horween • Illini Latigo - Dark Brown - 9-10 oz (3.6-3.8),Anil Latigo Italian Brown 9-10
Horween • Chromexcel® - Greener Pastures - 4-5 oz (1.6 – 2 mm),Chrxl Greener Pastures 4-5 oz
Horween • Cypress - Persian Red - 5-6 oz (2.0-2.4 mm),Cypress Autumn Breeze 5-6 oz
Virgilio • Vachetta Box - Olmo - 4-5 oz (1.6-2 mm),Vachetta Box Olmo 3.5-4 oz
Splenda • Classic - Cognac - 7-8 oz (2.8-3.2 mm),Splenda Classic Cognac 7-8 oz
Walpier Swatch Books - Rocky,Sample Book - All Walpier
Horween Swatch Books - LaSalle,Sample Book - All Horween
Tulliani Belts • Hubbard Street - 36 - Brown Chromexcel,Commission
Tempesti • Elbamatt Liscio Lux - Siena - 1.0  - 1.2 mm (2.5-3 oz),Elbamatt Liscio Siena 4.5-5 oz
Tempesti • Maine Eco Lux - Cobalto - 1.8 - 2.0 (4.5-5 oz),Maine Eco Lux Cobalto 4.5-5 oz
Splenda • Kansas - Double Shoulder (~16 sf) - Cherry - 3.4-3.6 mm (8.5-9 oz),Splenda Kansas Cherry 8.5-9 oz
Tannery Row Collection - Italian Nubuck,Italian Nubuck Aubergine
Horween • Chromexcel® - Burgundy - 3-4 oz (1.2-1.6 mm),Chrxl #5872 Burgundy 3.5-4 oz
Tusting & Burnett • Marsh - Autumn,T & B Marsh Autumn 4 oz
Tusting & Burnett • Sokoto Bookbinding - Azure,T & B Sokoto Book Azure 2 oz
Conceria Walpier • Buttero - Resin - #12 Orange - 3-3.5 oz (1.2-1.4 mm),Buttero #12 Orange (Res) 3-3.5
Virgilio • Vachetta - Topo - 4-5 oz (1.6-2 mm),Vachetta Box Topo 3.5-4 oz
Intercom Ecostick 5020 • Water-Based Leather Glue - 1 Liter (33.8 fl oz),Ecostick 5020
Conceria Walpier • Buttero - No Resin - Natural - 5-5.5 oz (2-2.2 mm),Buttero Natural (Resin) 5-5.5
Horween • Color #8 Dublin,Dublin Color #8 3.5-4 oz
C.F. Stead  Swatch Books - Regency Calf,Sample Book - All Stead
C.F. Stead  Swatch Books - Desert Oasis,Sample Book - All Stead
C.F. Stead  Swatch Books - Crazy Cow,Sample Book - All Stead
C.F. Stead  Swatch Books - Janus Butt,Sample Book - All Stead
Horween • LaSalle - Lilla - 5-6 oz (2.0-2.4 mm),Lasalle Lilla 5-6 oz
Horween • Illini Latigo - Burgundy - 6-7 oz (2.8-3.2 mm),Illini Latigo Burgundy 6-7 oz
Horween • Illini Latigo - Natural - 6-7 oz (2.8-3.2 mm),Illini Latigo Natural 6-7 oz
Virgilio • Smoked Matte - Fragola - 4-5 oz (1.6-2 mm),Smoked Matte  Alloro 4.5-5 oz
Virgilio • Smoked Matte - Lilla - 4-5 oz (1.6-2 mm),Smoked Matte Lilla 4.5-5 oz
Horween • Dublin - Cobalt Blue - 4-5 oz (1.6 – 2 mm),*Cobalt Blue Dublin 4-4.5z
Horween • Illini Latigo - Black - 9-10 oz (3.6-3.8),Aniline Latigo Black 9-10 oz
Tempesti • Elbamatt Liscio - Ambra - 1.8 - 2.0 (4.5-5 oz),Elbamatt Liscio Ambra 4.5-5 oz
Virgilio • Vachetta Box - Fragola - 3-4 oz (1.2-1.6 mm),Vachetta Alloro 3-3.5 oz
Conceria Walpier • Tuscany - Double Shoulder (14-17 sf) - Burgundy #5 - 6.5-7 oz (2.6-2.8 mm),Tuscany #5 Burgundy 6.5-7 oz
Saphir • Cordovan Cream - Neutral,Saphir Cordovan Cream
Les Rives Swatch Books - Frontiera,Sample Book-Les Rives Frontiera
Tulliani Belts • Kinzie Street - 34 - Brown Chromexcel,Commission
Splenda • Classic - Brown - 5-6 oz (2-2.4 mm),Splenda Classic Brown 4.5-5 oz
Conceria Walpier • Buttero - Resin - #16 Yellow - 6.5-7 oz (2.6-2.8 mm),Buttero #100 Black (Res) 6.5-7
Horween • Latigo - Black - 3-4 oz (1.2-1.6 mm),Aniline Latigo Black 3.5-4 oz
Horween • LaSalle - Havana - 3-4 oz (1.2-1.6 mm),Lasalle Black 3.5-4 oz
Horween • Cypress - Brown - 8-9 oz (3.2-3.6 mm),Cypress Brown 8-9 oz
Horween • Aspen Double Horsefronts - Burgundy,DHF Aspen Burgundy
Horween • Illini Latigo - Black - 6-7 oz (2.8-3.2 mm),Aniline Latigo Black 6-7 oz
Horween • Cypress - Color 8 - 8-9 oz (3.2-3.6 mm),Cypress Color 8 8-9 oz
C.F. Stead  Swatch Books - Kudu Classic,Sample Book - All Stead
Conceria Walpier • Buttero - Resin - #19 Olive - 5-5.5 oz (2-2.2 mm),Buttero #19 Olive (Resin) 5-5.5
Horween • Derby - Cobalt Blue - 5-6 oz (2.0 –  2.4 mm),Derby Cobalt Blue 5-6 oz
Virgilio • Smoked Matte - Olmo - 4-5 oz (1.6-2 mm),Smoked Matte Olmo 4.5-5 oz
Horween • Aspen Double Horsefronts - Cognac,DHF Aspen Cognac
Tempesti • Maine Eco Lux - Cobalto - 1.0  - 1.2 mm (2.5-3 oz),Maine Eco Lux Cobalto 4.5-5 oz
Horween • Predator - Whiskey - 5-6oz,Predator Whiskey 5-6 oz
30mm Bourbon Cordovan Belt - 32 - Increase Pant Size by 2 for Belt Size - Brass,Commission
C.F. Stead • Janus Calf Reverse Suede - Alden Snuff: 3.5-4.5 oz (1.4-1.8mm),Snuffed Suede Chocolate 8-9 oz
C.F. Stead • Janus Calf Reverse Suede - Navy: 3.5-4.5 oz (1.4-1.8mm),Snuffed Suede True Navy 5.5-6z
Horween Cavalier Chromexcel® Leather Panels - 2’ Panel (12”x24”) - Whiskey - 3-4 oz (1.2-1.6 mm),Panel Cavalier Whiskey 3.5-4 oz
C.F. Stead • Repello Calf Suede - Brown #173 : 3.5-4.5 oz (1.4-1.8mm),Snuffed Suede Olive Brown 5.5-6
Horween Derby Leather Panels - 2’ Panel (12”x24”) - Light Natural - 3-4 oz (1.2-1.6 mm),Panel Derby Lt Nat 3.5-4 oz
Horween • Dublin - Greener Pastures - 4-5 oz (1.6 – 2 mm),Dublin Greener Pastures 3.5-4
Horween • Predator - Black - 4-5oz,Predator Black 3.5-4 oz
35mm Color 8 Cordovan Belt - Size 42,Commission
32mm Black Cordovan Belt - Size 36 - Increase Pant Size by 2 for Belt Size - Silver,Commission
Horween Cavalier Chromexcel® Leather Panels - 1’ Panel (12”x12”) - Ink - 5-6 oz (2-2.4 mm),Panel Cavalier Ink 5-6 oz
35mm Garnet Cordovan Belt - 40 - Increase Pant Size by 2 for Belt Size,Commission
35mm Bourbon Cordovan Belt - 40 - Increase Pant Size by 2 for Belt Size - Silver,Commission
35mm Black Cordovan Belt - Size 40 - Increase Pant Size by 2 for Belt Size,Commission
Conceria Walpier • Buttero - Resin - #12 Orange - 6.5-7 oz (2.6-2.8 mm),Buttero #12 Orange (Res) 6.5-7
Tusting & Burnett • Sokoto Bookbinding - Cranberry,T & B Sokoto Book Cranberry 2z
Conceria Walpier • Buttero - Resin - #23 Cognac - 5-5.5 oz (2-2.2 mm),Buttero #23 Cognac (Res) 5-5.5
Virgilio • Margot - Alloro - 3-4 oz (1.2-1.6 mm),Margot Alloro 3-3.5 oz
Horween • Cypress Double Horsefronts - Cobalt Blue,DHF Cypress Cobalt Blue
Tempesti • Elbamatt Liscio Lux - Bruciato - 1.0  - 1.2 mm (2.5-3 oz),*Elbamatt Liscio 1.0-1.2..
Horween • Aspen Double Horsefronts - Dark Brown,DHF Aspen Dark Brown
Splenda • Classic - Tan - 8.5-9 oz (3.4-3.6 mm),Splenda Classic Tan 8.5-9 oz
Horween • Illini Latigo - Dark Brown - 5-6 oz (2.0 –  2.4 mm),Anil Latigo Italian Brown 5-6
Horween Color #8 Dublin N 4-5 oz,Dublin Color #8 3.5-4 oz
Horween Natural Illini Latigo with Western Floral 5-6 oz,Aniline Latigo Natural 5-6 oz
Tusting & Burnett • Sokoto Bookbinding - Racing Green,T & B Sokoto Book Green 2 oz
Virgilio • Vachetta Box - Siena - 4-5 oz (1.6-2 mm),Vachetta Box Siena 3.5-4 oz
Tulliani Belts • Wacker Drive - 34 - Natural Chomexcel,Commission
Horween Cavalier Chromexcel® Leather Panels - 1’ Panel (12”x12”) - Whiskey - 3-4 oz (1.2-1.6 mm),Panel Cavalier Whiskey 3.5-4 oz
Horween Derby Leather Panels - 1’ Panel (12”x12”) - English Tan - 5-6 oz (2-2.4 mm),Panel Derby English T 5-6 oz
Tulliani Belts • Kinzie Street - 36 - Brown Chromexcel,Commission
Tempesti • Maine Liscio - Tan - 1.8 - 2.0 (4.5-5 oz),Maine Liscio Tan 4.5-5 oz
Horween • Illini Latigo - Burgundy - 9-10 oz (3.6-3.8),Illini Latigo Burgundy 9-10 oz
Arazzo Impression Upholstery Leather - Linen,Arazzo Impression 0.9-1.1 mm
Horween Ink Washed Cavalier 5-6 oz,*Ink Cavalier 5.5-6z
Horween Fulton Tan Chromexcel 7-8 oz,Chrxl Fulton Tan 7-8 oz
Horween Cavalier Chromexcel® Leather Panels - 2’ Panel (12”x24”) - Ink - 5-6 oz (2-2.4 mm),Panel Cavalier Ink 5-6 oz
Horween • Vermont Double Horsefronts - Espresso,DHF Vermont Espresso
Horween • Montana - Chocolate - 3-4 oz (1.2-1.6 mm),Montana Black 3-4 oz
Splenda • BOM - Blue - 3.4-3.6 mm (8.5-9 oz),"Splenda BOM - Blue, 8.5-9 oz"
Horween • Aspen Double Horsefronts - Navy,DHF Aspen Navy
Conceria Walpier • Buttero - Resin - #12 Orange - 5-5.5 oz (2-2.2 mm),Buttero #12 Orange (Res) 5-5.5
Conceria Walpier • Buttero - Resin - #9 Red - 5-5.5 oz (2-2.2 mm),Buttero #100 Black (Res) 5-5.5
Tempesti • Maine Liscio - Marine - 1.8 - 2.0 (4.5-5 oz),Maine Eco Lux Avocado 4.5-5 oz
Conceria Walpier • Buttero - No Resin - #16 Yellow - 5-5.5 oz (2-2.2 mm),Buttero #100 Black (Res) 5-5.5
Horween • Cypress Double Horsefronts - Brown Nut,DHF Cypress Brown Nut
Horween • Cypress Double Horsefronts - Natural,DHF Cypress Natural
Horween • Predator - Black - 5-6oz,Predator Black 5-6 oz
Tempesti • Elbamatt Liscio - Piombo - 1.0  - 1.2 mm (2.5-3 oz),*Elbamatt Liscio 1.0-1.2..
Horween • LaSalle - Eiffel Tower - 3-4 oz (1.2-1.6 mm),Lasalle Black 3.5-4 oz
Conceria Walpier • Buttero - Resin - #2 Brown - 3-3.5 oz (1.2-1.4 mm),Buttero #2 Brown (Resin) 3-3.5
Splenda • Classic Tumbled - 1.2-1.4 (3-3.5 oz),Splenda Classic Cognac 3.5-4 oz
Conceria Walpier • Buttero - Resin - #16 Yellow - 5-5.5 oz (2-2.2 mm),Buttero #100 Black (Res) 5-5.5
C.F. Stead • Repello Calf Suede - Black:  3.5-4.5 oz (1.4-1.8mm),Snuffed Suede Black 5-6 oz
Horween • Chamois - Black: 5-6 oz,Chamois Black 5.5-6 oz
Conceria Walpier • Museum - #7 Brown,Museum #2 Light Brown 3.5-4 oz
Horween • Cypress Double Horsefronts - Russet Brown,DHF Cypress Russet Brown
Horween • Cavalier Chromexcel® - Ink - 4-5 oz (1.6-2 mm),Cavalier Ink 3.5-4 oz
Horween Navy Cavalier 5-6 oz,Cavalier Navy 5-6 oz
Horween • LaSalle - Olive Branch - 3-4 oz (1.2-1.6 mm),Lasalle Olive Branch 3.5-4 oz
Horween • Cavalier Chromexcel® - Golf Green - 3-4 oz (1.2-1.6 mm),Cavalier Golf Green 3.5-4 oz
Horween Black Essex with Boxboard Print 3-4 oz,Essex Black 3-3.5 oz
Horween • Dublin - Olde English - 8-9 oz (3.2 –  3.6 mm),Dublin Olde English 8-9 oz
Conceria Walpier • Buttero - Resin - #131 Violet - 5-5.5 oz (2-2.2 mm),Buttero #100 Black (Res) 5-5.5
Horween • Essex - Black - 5-6 oz (2.0 –  2.4 mm),*Black Essex 5.5-6oz
Horween • Illini Latigo - Natural - 9-10 oz (3.6-3.8),Illini Latigo Natural 9-10 oz
Tusting & Burnett • Marsh - Cappuccino,T & B Marsh Cappuccino 4 oz
Conceria Walpier • Buttero - Resin - #9 Red - 6.5-7 oz (2.6-2.8 mm),Buttero #100 Black (Res) 6.5-7
Splenda • Kansas - Single Shoulder (~8 sf) - Cognac - 2.0-2.2 mm (5-5.5 oz),Splenda Kansas Cognac 8.5-9 oz
Conceria Walpier • Buttero - Resin - Natural - 5-5.5 oz (2-2.2 mm),Buttero Natural (Resin) 5-5.5
Horween • Waxed Flesh Chromexcel® - Cinnamon - 5-6 oz,*Black Beaufort Chrxl 5.5-6z
Horween 8122 Football 3-4 oz,8122 Football Leather
Horween • Dublin - Cobalt Blue - 3-4 oz (1.2-1.6 mm),Dublin Cobalt Blue 3.5-4 oz
Horween Cognac Predator 5-6 oz,Predator Cognac 5-6 oz
Virgilio • Smoked Matte - Girasole - 4-5 oz (1.6-2 mm),Smoked Matte Girasole 4.5-5 oz
Virgilio • Vachetta - Fuxia - 4-5 oz (1.6-2 mm),Vachetta Alloro 4.5-5 oz
Virgilio • Vachetta Box - Natural - 3-4 oz (1.2-1.6 mm),Vachetta Box Natural 3.5-4 oz
32mm Color 8 Cordovan Belt - Size 36 - Increase Pant Size by 2 for Belt Size - Silver,Commission
Horween • Grand Slam Baseball Glove - Blonde,Baseball Glove Black 5 oz
C.F. Stead • Janus Calf Reverse Suede - Polo Brown: 3.5-4.5 oz (1.4-1.8mm),Snuffed Suede Olive Brown 5.5-6
35mm Color 8 Cordovan Belt - Size 38,Commission
Tempesti Swatch Books - Maine Eco Lux,Sample Book - All Tempesti
"Horween Chromexcel® Leather Panels - 1' Panel (12""x12"") - Black - 5-6 oz (2-2.4 mm)",Panel Chrxl Black 5-6 oz
Horween • Featherlite Glove - Black,Baseball Glove Black 5 oz
Horween • Dublin - Golf Green - 4-5 oz (1.6 – 2 mm),Rockford Dublin Golf Green 5-6
Horween • LaSalle - Fun Blue - 3-4 oz (1.2-1.6 mm),Lasalle Fun Blue 3.5-4 oz
Tempesti • Maine Liscio - Fiesta - 1.0  - 1.2 mm (2.5-3 oz),*Maine Eco Lux 1.0-1.2mm
Tempesti • Maine Liscio - Tan - 1.0  - 1.2 mm (2.5-3 oz),Maine Liscio Tan 4.5-5 oz
Tempesti • Fenice - Menta,*Fenice 1.8-2.0mm
32mm Black Cordovan Belt - Size 36 - Increase Pant Size by 2 for Belt Size - Brass,Commission
Virgilio • Vachetta Box - Turchese - 4-5 oz (1.6-2 mm),Vachetta Alloro 4.5-5 oz
Virgilio • Vachetta Box - Mandarino - 4-5 oz (1.6-2 mm),Vachetta Alloro 4.5-5 oz
Virgilio • Vachetta Box - Lilla - 4-5 oz (1.6-2 mm),Vachetta Box Lilla 3.5-4 oz
"Horween Deep Blue Cypress, 4-5 oz & 5-6 oz - 5-6 oz (2.0-2.4 mm)",Cypress Autumn Breeze 5-6 oz
Tempesti • Baku - Bruciato - 1.8 - 2.0 (4.5-5 oz),Baku Bruciato 4.5-5 z (1.8-2 m)
"Horween Espresso Cavalier, 4-5 oz",Cavalier Espresso 4-5 oz
Onda Verde Swatch Books - Monroe Calf,Sample Book - Monroe Calf
"Horween Deep Blue Cypress, 4-5 oz & 5-6 oz - 4-5 oz (1.6-2.0 mm)",Cypress Autumn Breeze 5-6 oz
Horween Essex Leather Panels - 2’ Panel (12”x24”) - Black - 5-6 oz (2-2.4 mm),Panel Essex Black 5-6 oz
Horween Derby Leather Panels - 2’ Panel (12”x24”) - Black - 5-6 oz (2-2.4 mm),Panel Derby Black 5-6 oz
"Horween Cognac Illini Latigo, 4-5 oz",Aniline Latigo Cognac 3.5-4 oz
Horween Essex Leather Panels - 1’ Panel (12”x12”) - Black - 3-4 oz (1.2-1.6 mm),Panel Essex Black 3.5-4 oz
Horween Essex Leather Panels - 2’ Panel (12”x24”) - Natural - 5-6 oz (2-2.4 mm),Panel Essex Natural 5-6 oz
Horween Essex Leather Panels - 2’ Panel (12”x24”) - Brown Nut - 5-6 oz (2-2.4 mm),Panel Essex Brown Nut 5-6 oz
32mm Color 8 Cordovan Belt - Size 40 - Increase Pant Size by 2 for Belt Size - Brass,Commission
"Horween Rio Latigo with Oak Grain, 5-6 oz",Aniline Latigo Rio 5-6 oz
Horween • Illini Latigo - Burgundy - 5-6 oz (2.0 –  2.4 mm),Illini Latigo Burgundy 5-6 oz
Virgilio • Vachetta - Girasole - 3-4 oz (1.2-1.6 mm),Vachetta Box Girasole 3.5-4 oz
Virgilio • Vachetta - Fuxia - 3-4 oz (1.2-1.6 mm),Vachetta Alloro 3-3.5 oz
Virgilio • Vachetta - Cobalto - 3-4 oz (1.2-1.6 mm),Vachetta Box Cobalto 3.5-4 oz
Horween • Montana - Black - 5-6 oz (2.0 –  2.4 mm),Bison Montana Black 5-6 oz
"Horween Espresso Cavalier, 5-6 oz",Cavalier Espresso 4-5 oz
Virgilio • Vachetta - Olmo - 3-4 oz (1.2-1.6 mm),Vachetta Box Olmo 3.5-4 oz
Horween • Dublin - Golf Green - 5-6 oz (2.0 –  2.4 mm),Rockford Dublin Golf Green 5-6
Horween • Waxed Flesh Chromexcel® - Natural - 5-6 oz,*Natural Aniline Chrxl 4.5-5oz
Onda Verde Swatch Books - Metal Antique Calf,Sample Book - Metal Antique Cal
Les Rives Swatch Books - Master,Sample Book - Les Rives Master
30mm Bourbon Cordovan Belt - 40 - Increase Pant Size by 2 for Belt Size - Brass,Commission
Tusting & Burnett • Marsh - Flint,T & B Marsh Flint 4 oz
Leather Scrap Box - 4 Boxes (20lbs),Scrap Leather
Splenda • BOM - Garden - 3.4-3.6 mm (8.5-9 oz),"Splenda BOM - Garden, 8.5-9 oz"
Onda Verde • Monroe Calf - Side (12-15 square feet) - Vittoria (Blue),Monroe Calf Vittoria 2.5-3 oz
Conceria Walpier • Buttero - No Resin - #9 Red - 3-3.5 oz (1.2-1.4 mm),Buttero #100 Black (Res) 3-3.5
Conceria Walpier • Buttero - No Resin - Black - 6.5-7 oz (2.6-2.8 mm),Buttero #100 Black (Res) 6.5-7
Virgilio • Smoked Matte - Seppia - 4-5 oz (1.6-2 mm),Smoked Matte  Alloro 4.5-5 oz
Tempesti • Elbamatt Liscio Lux - Piombo - 1.0  - 1.2 mm (2.5-3 oz),*Elbamatt Liscio 1.0-1.2..
"Horween Ink Washed Cavalier, 3-4 oz",Cavalier Ink 3.5-4 oz
Horween Essex Leather Panels - 1’ Panel (12”x12”) - English Tan - 3-4 oz (1.2-1.6 mm),Panel Essex English Tan 3.5-4
Tempesti • Maine Liscio - Fiesta - 1.8 - 2.0 (4.5-5 oz),Maine Eco Lux Avocado 4.5-5 oz
C.F. Stead • Rambler - Winter Smoke - 4.5-5oz (1.8-2 mm),Rambler Winter Smoke
Tusting & Burnett • Sokoto Dip Dye - Yellow Tan,T & B Sokoto Dip Yellow Tan 3-4
Tulliani Belts • Clark Street - 34 - Brown Rocky #7,Commission
Virgilio • Vachetta Box - Girasole - 4-5 oz (1.6-2 mm),Vachetta Box Girasole 3.5-4 oz
Saphir • Pâte de Luxe Wax Polish - Burgundy,Saphir Pate de Luxe
Tempesti • Maine Liscio - Violet - 1.8 - 2.0 (4.5-5 oz),Maine Eco Lux Avocado 4.5-5 oz
Horween Dublin Leather Panels - 1’ Panel (12”x12”) - Brown Nut - 5-6 oz (2-2.4 mm),Panel Dublin Brown Nut 5-6 oz
Virgilio • Smoked Matte - Castagna - 3-4 oz (1.2-1.6 mm),Smoked Matte Castagna 3-3.5 oz
Virgilio • Smoked Matte - Mandarino - 3-4 oz (1.2-1.6 mm),Smoked Matte  Alloro 3-3.5 oz
Virgilio • Vachetta Box - Girasole - 3-4 oz (1.2-1.6 mm),Vachetta Box Girasole 3.5-4 oz
Virgilio • Vachetta - Topo - 3-4 oz (1.2-1.6 mm),Vachetta Box Topo 3.5-4 oz
Virgilio • Vachetta Box - Mandarino - 3-4 oz (1.2-1.6 mm),Vachetta Alloro 3-3.5 oz
Virgilio • Margot Fog - Cobalto - 3-4 oz (1.2-1.6 mm),Margot Cobalto 3-3.5 oz
Virgilio • Vachetta Box - Cobalto - 4-5 oz (1.6-2 mm),Vachetta Box Cobalto 3.5-4 oz
Virgilio • Vachetta Box - Topo - 4-5 oz (1.6-2 mm),Vachetta Box Topo 3.5-4 oz
Virgilio • Vachetta Box - Seppia - 4-5 oz (1.6-2 mm),Vachetta Alloro 4.5-5 oz
Virgilio • Smoked Matte - Castagna - 4-5 oz (1.6-2 mm),Smoked Matte Castagna 4.5-5 oz
Virgilio • Smoked Matte - Turchese - 4-5 oz (1.6-2 mm),Smoked Matte  Alloro 4.5-5 oz
Virgilio • Margot - Castagna - 3-4 oz (1.2-1.6 mm),Margot Castagna 3-3.5 oz
Virgilio • Margot - Lilla - 3-4 oz (1.2-1.6 mm),Margot Fog Lilla 3-3.5 oz
Horween • Latigo - 5-6 oz (2.0 –  2.4 mm) - Rio,Aniline Latigo Rio 5-6 oz
Horween • Washed Chromexcel® - Brown Roughneck Print with Tipped Effect - 4-5 oz (1.6-2 mm),*Brown Chrxl 4-4.5oz.
Horween • Waxed Flesh Chromexcel® - 5-6 oz - Dark Brown,*Brown Chromexcel 5.5-6oz.
Horween • Chromepak - Black,Chromepak Black 10-15 oz
Horween Essex Leather Panels - Black - 1’ Panel (12”x12”) - 3-4 oz (1.2-1.6 mm),Panel Essex Black 3.5-4 oz
Conceria Walpier • Tuscany - Single Shoulder (7-8.5 sf) - Cognac #23 - 6.5-7 oz (2.6-2.8 mm),Tuscany #23 Cognac 6.5-7 oz
Horween Cavalier Chromexcel® Leather Panels - 2’ Panel (12”x24”) - Whiskey - 5-6 oz (2-2.4 mm),Panel Cavalier Whiskey 5-6 oz
Tempesti • Elbamatt Liscio - Navy - 1.8 - 2.0 (4.5-5 oz),Elbamatt Liscio Navy 4.5-5 oz
"Horween Black Waxed Flesh Chromexcel, 3-4 oz",*Black Chrxl 4-5 oz
Horween • Russet Horsehide Strips - 9+ oz - Hard Rolled Strips,Russet Strips HR 9 oz and up
Horween • Russet Horsehide Strips - 7-9 oz - Hard Rolled Strips,Russet Strips HR 7-9 oz
"Horween Lollipop Red Cavalier, 4-5 oz (1.6-2.0 mm)",Cavalier Lollipop Red 3.5-4 oz
"Horween Lollipop Red Cavalier, 4-5 oz",Cavalier Lollipop Red 3.5-4 oz
"Horween Brown Polished Latigo, 3-4 oz",Anil Latigo Italian Brown 3-3.5
Horween • Russet Horsehide Strips - 7-9 oz - Soft Rolled Strips,Russet Strips SR 7-9 oz
Splenda • Classic - Cognac - 3.5-4 oz (1.4-1.6mm),Splenda Classic Cognac 3.5-4 oz
Conceria Walpier • Buttero - No Resin - #23 Cognac - 3-3.5 oz (1.2-1.4 mm),Buttero #23 Cognac (Res) 3-3.5
"Horween Chromexcel® Leather Panels - Burgundy - 1' Panel (12""x12"") - 3-4 oz (1.2-1.6 mm)",Panel Chrxl Burgundy 3.5-4 oz
Horween Dublin Leather Panels - Light Natural - 2’ Panel (12”x24”) - 3-4 oz (1.2-1.6 mm),Panel Dublin Lt Nat 3.5-4 oz
Horween Derby Leather Panels - Olde English - 2’ Panel (12”x24”) - 5-6 oz (2-2.4 mm),Panel Derby Olde Eng 5-6 oz
Horween Derby Leather Panels - English Tan - 2’ Panel (12”x24”) - 3-4 oz (1.2-1.6 mm),Panel Derby English T 3.5-4 oz
Horween Derby Leather Panels - Natural - 2’ Panel (12”x24”) - 3-4 oz (1.2-1.6 mm),Panel Derby Natural 3.5-4 oz
Horween Derby Leather Panels - Olde English - 2’ Panel (12”x24”) - 3-4 oz (1.2-1.6 mm),Panel Derby Olde Eng 3.5-4 oz
"Horween Chromexcel® Leather Panels - Navy - 2' Panel (12""x24"") - 5-6 oz (2-2.4 mm)",Panel Chrxl Navy 5-6 oz
Horween Derby Leather Panels - Natural - 2’ Panel (12”x24”) - 5-6 oz (2-2.4 mm),Panel Derby Natural 5-6 oz
Horween Dublin Leather Panels - Olde English - 2’ Panel (12”x24”) - 3-4 oz (1.2-1.6 mm),Panel Dublin Olde Eng 3.5-4 oz
Horween • Russet Horsehide Strips Stained Bundles - Regular - 7-9oz - Soft Rolled Strips,Russet Strips SR 7-9 oz
Horween Dublin Leather Panels - Natural - 2’ Panel (12”x24”) - 5-6 oz (2-2.4 mm),Panel Dublin Natural 5-6 oz
Horween Dublin Leather Panels - Natural - 1’ Panel (12”x12”) - 5-6 oz (2-2.4 mm),Panel Dublin Natural 5-6 oz
Horween Dublin Leather Panels - English Tan - 1’ Panel (12”x12”) - 5-6 oz (2-2.4 mm),Panel Dublin English T 5-6 oz
Horween Dublin Leather Panels - Brown Nut - 2’ Panel (12”x24”) - 5-6 oz (2-2.4 mm),Panel Dublin Brown Nut 5-6 oz
Horween Dublin Leather Panels - Brown Nut - 2’ Panel (12”x24”) - 3-4 oz (1.2-1.6 mm),Panel Dublin Brown Nut 3.5-4 oz
Horween Dublin Leather Panels - Light Natural - 1’ Panel (12”x12”) - 3-4 oz (1.2-1.6 mm),Panel Dublin Lt Nat 3.5-4 oz
Horween Dublin Leather Panels - Olde English - 1’ Panel (12”x12”) - 3-4 oz (1.2-1.6 mm),Panel Dublin Olde Eng 3.5-4 oz
Horween Dublin Leather Panels - English Tan - 1’ Panel (12”x12”) - 3-4 oz (1.2-1.6 mm),Panel Dublin English T 3.5-4 oz
Arazzo Abilene Upholstery Leather - Mouse,Arazzo Abilene 1.3-1.5 mm
Horween • Washed Chromexcel® - Black - 4-5 oz (1.6-2 mm),*Black Chrxl 4-5 oz
"Horween Chromexcel® Leather Panels - Navy - 2' Panel (12""x24"") - 3-4 oz (1.2-1.6 mm)",Panel Chrxl Navy 3.5-4 oz
Horween Dublin Leather Panels - Brown Nut - 1’ Panel (12”x12”) - 5-6 oz (2-2.4 mm),Panel Dublin Brown Nut 5-6 oz
Horween • Russet Horsehide Strips - 9+ oz - Soft Rolled Strips,Russet Strips SR 9 oz and up
32mm Color 8 Cordovan Belt - Size 38 - Brass - Increase Pant Size by 2 for Belt Size,Commission
32mm Color 8 Cordovan Belt - Size 34 - Brass - Increase Pant Size by 2 for Belt Size,Commission
Horween Dublin Leather Panels - Natural - 1’ Panel (12”x12”) - 3-4 oz (1.2-1.6 mm),Panel Dublin Natural 3.5-4 oz
Horween Dublin Leather Panels - Black - 1’ Panel (12”x12”) - 3-4 oz (1.2-1.6 mm),Panel Dublin Black 3.5-4 oz
"Horween Chromexcel® Leather Panels - Navy - 1' Panel (12""x12"") - 3-4 oz (1.2-1.6 mm)",Panel Chrxl Navy 3.5-4 oz
Horween Dublin Leather Panels - English Tan - 2’ Panel (12”x24”) - 3-4 oz (1.2-1.6 mm),Panel Dublin English T 3.5-4 oz
Horween Dublin Leather Panels - Natural - 2’ Panel (12”x24”) - 3-4 oz (1.2-1.6 mm),Panel Dublin Natural 3.5-4 oz
Horween Dublin Leather Panels - Black - 1’ Panel (12”x12”) - 5-6 oz (2-2.4 mm),Panel Dublin Black 5-6 oz
Horween Dublin Leather Panels - Light Natural - 1’ Panel (12”x12”) - 5-6 oz (2-2.4 mm),Panel Dublin Lt Nat 5-6 oz
Italian Nubuck - 3.5 - 4 oz. - Blush,Italian Nubuck Aubergine
Virgilio • Margot - Siena - 4-5 oz (1.6-2 mm),Margot Fog Siena 4.5-5 oz
Italian Nubuck - 3.5 - 4 oz. - Aubergine,Italian Nubuck Aubergine
Horween • Russet Horsehide Strips Stained Bundles - Regular - 7-9oz - Hard Rolled Strips,Russet Strips HR 7-9 oz
"Horween Chromexcel® Leather Panels - Burgundy - 1' Panel (12""x12"") - 5-6 oz (2-2.4 mm)",Panel Chrxl Burgundy 5-6 oz
"Conceria Walpier • Rocky, Belt Weight - Black",Commission
Horween Essex Leather Panels - Black - 1’ Panel (12”x12”) - 5-6 oz (2-2.4 mm),Panel Essex Black 5-6 oz
Horween Essex Leather Panels - Natural - 1’ Panel (12”x12”) - 5-6 oz (2-2.4 mm),Panel Essex Natural 5-6 oz
Horween Dublin Leather Panels - English Tan - 2’ Panel (12”x24”) - 5-6 oz (2-2.4 mm),Panel Dublin English T 5-6 oz
Horween Dublin Leather Panels - Olde English - 2’ Panel (12”x24”) - 5-6 oz (2-2.4 mm),Panel Dublin Olde Eng 5-6 oz
Horween Derby Leather Panels - English Tan - 1’ Panel (12”x12”) - 3-4 oz (1.2-1.6 mm),Panel Derby English T 3.5-4 oz
Tulliani Belts • Carroll Ave - Black Cypress - 32,Commission
Horween Essex Leather Panels - Natural - 1’ Panel (12”x12”) - 3-4 oz (1.2-1.6 mm),Panel Essex Natural 3.5-4 oz
Horween • Russet Horsehide Strips Stained Bundles - Regular - 9+ oz - Hard Rolled Strips,Russet Strips HR 9 oz and up
Horween • Montana - 4-5 oz (1.6 – 2 mm) - Chocolate,Bison Montana Black 5-6 oz
Horween Derby Leather Panels - Olde English - 1’ Panel (12”x12”) - 3-4 oz (1.2-1.6 mm),Panel Derby Olde Eng 3.5-4 oz
"Conceria Walpier • Rocky, Belt Weight - Cuoio",Commission
30mm Color 8 Cordovan Belt - Size 34 - Silver - Increase Pant Size by 2 for Belt Size,Commission
Horween Dublin Leather Panels - Black - 2’ Panel (12”x24”) - 3-4 oz (1.2-1.6 mm),Panel Dublin Black 3.5-4 oz
Horween • Latigo - 3-4 oz (1.2-1.6 mm) - Rio,Aniline Latigo Rio 3-3.5 oz
"Horween Chromexcel® Leather Panels - Black - 2' Panel (12""x24"") - 3-4 oz (1.2-1.6 mm)",Panel Chrxl Black 3.5-4 oz
"Horween Chromexcel® Leather Panels - Natural - 2' Panel (12""x24"") - 3-4 oz (1.2-1.6 mm)",Panel Chrxl Natural 3.5-4 oz
Tempesti • Elbamatt Liscio - Fiesta - 1.8 - 2.0 (4.5-5 oz),Elbamatt Liscio Ambra 4.5-5 oz
Virgilio • Margot - Topo - 4-5 oz (1.6-2 mm),Margot Fog Topo 4.5-5 oz
Horween • Russet Horsehide Strips Stained Bundles - Regular - 9+ oz - Soft Rolled Strips,Russet Strips SR 9 oz and up
Virgilio • Vachetta - Girasole - 4-5 oz (1.6-2 mm),Vachetta Box Girasole 3.5-4 oz
Horween • Cavalier Chromexcel® - 5-6 oz (2-2.4 mm) - Ink,*Ink Cavalier 5.5-6z
Horween • Waxed Flesh Chromexcel® - 5-6 oz - Black,*Black Beaufort Chrxl 5.5-6z
Conceria Walpier • Tuscany - Burgundy #5 - 3-3.5 oz (1.2-1.4 mm) - Double Shoulder (14-17 sf),Tuscany #5 Burgundy 3-3.5 oz
Horween • Cavalier Chromexcel® - 8-9 oz (3.2 –  3.6 mm) - London Bus Red,Cavalier London Bus Red 8-9 oz
"Horween Chromexcel® Leather Panels - Natural - 1' Panel (12""x12"") - 3-4 oz (1.2-1.6 mm)",Panel Chrxl Natural 3.5-4 oz
"Horween Chromexcel® Leather Panels - Black - 1' Panel (12""x12"") - 3-4 oz (1.2-1.6 mm)",Panel Chrxl Black 3.5-4 oz
"Horween Chromexcel® Leather Panels - Greener Pastures - 1' Panel (12""x12"") - 5-6 oz (2-2.4 mm)",Panel Chrxl Greener P 5-6 oz
Leather Scrap Box - 5 Boxes (25lbs),Scrap Leather
Horween Dublin Leather Panels - Light Natural - 2’ Panel (12”x24”) - 5-6 oz (2-2.4 mm),Panel Dublin Lt Nat 5-6 oz
Horween • Cypress - Dark Sand - 8-9 oz (3.2-3.6 mm),Cypress Black 8-9 oz
Horween • Cypress - Black - 8-9 oz (3.2-3.6 mm),Cypress Black 8-9 oz
Horween Derby Leather Panels - Brown Nut - 2’ Panel (12”x24”) - 3-4 oz (1.2-1.6 mm),Panel Derby Brown Nut 3.5-4 oz
Horween Derby Leather Panels - Black - 2’ Panel (12”x24”) - 5-6 oz (2-2.4 mm),Panel Derby Black 5-6 oz
"Horween Chromexcel® Leather Panels - Greener Pastures - 2' Panel (12""x24"") - 5-6 oz (2-2.4 mm)",Panel Chrxl Greener P 5-6 oz
"Horween Chromexcel® Leather Panels - Natural - 2' Panel (12""x24"") - 5-6 oz (2-2.4 mm)",Panel Chrxl Natural 5-6 oz
"Horween Chromexcel® Leather Panels - Black - 2' Panel (12""x24"") - 5-6 oz (2-2.4 mm)",Panel Chrxl Black 5-6 oz
"Horween Chromexcel® Leather Panels - Brown - 2' Panel (12""x24"") - 5-6 oz (2-2.4 mm)",Panel Chrxl Brown 5-6 oz
Horween • Cavalier Chromexcel® - 4-5 oz (1.6-2 mm) - London Bus Red,Cavalier London Bus Red 3.5-4
Horween • Waxed Flesh Chromexcel® - 5-6 oz - Cinnamon,*Black Beaufort Chrxl 5.5-6z
30mm Black Cordovan Belt - Brass - Size 34 - Increase pant size by 2 for belt size,Commission
30mm Color 8 Cordovan Belt - Size 34 - Brass - Increase Pant Size by 2 for Belt Size,Commission
Horween Derby Leather Panels - Black - 2’ Panel (12”x24”) - 3-4 oz (1.2-1.6 mm),Panel Derby Black 3.5-4 oz
Italian Nubuck - 3.5 - 4 oz. - French Navy,Italian Nubuck French Navy
Tulliani Belts • LaSalle Street - Brown Chromexcel - 40,Commission
Intercom Ecostick 5020 • Water-Based Leather Glue - 1 Bag (5 kg),Ecostick 5020
Horween Dublin Leather Panels - Black - 2’ Panel (12”x24”) - 5-6 oz (2-2.4 mm),Panel Dublin Black 5-6 oz
Splenda • Classic - Natural - 4.5-5 oz (1.8-2 mm),Splenda Classic Natural 4.5-5
Splenda • Classic - Tan - 5-6 oz (2-2.4 mm),Splenda Classic Tan 4.5-5 oz
Tempesti • Elbamatt Liscio - Siena - 1.8 - 2.0 (4.5-5 oz),Elbamatt Liscio Siena 4.5-5 oz
Horween • Pinnacle Double Horsefronts - Brown,DHF Pinnacle Brown
Horween Essex Leather Panels - English Tan - 1’ Panel (12”x12”) - 3-4 oz (1.2-1.6 mm),Panel Essex English Tan 3.5-4
Horween Derby Leather Panels - Brown Nut - 1’ Panel (12”x12”) - 5-6 oz (2-2.4 mm),Panel Derby Brown Nut 5-6 oz
C.F. Stead • Crazy Cow - Ginger,Crazy Cow
Horween Dublin Leather Panels - Olde English - 1’ Panel (12”x12”) - 5-6 oz (2-2.4 mm),Panel Dublin Olde Eng 5-6 oz
Horween • Cypress - Dark Chestnut - 5-6 oz (2.0-2.4 mm),Cypress Dark Chestnut 5-6 oz
Horween Derby Leather Panels - Black - 1’ Panel (12”x12”) - 3-4 oz (1.2-1.6 mm),Panel Derby Black 3.5-4 oz
Horween Cavalier Chromexcel® Leather Panels - Ink - 1’ Panel (12”x12”) - 3-4 oz (1.2-1.6 mm),Panel Cavalier Ink 3.5-4 oz
Tempesti • Maine Eco Lux - Papaya - 1.0  - 1.2 mm (2.5-3 oz),*Maine Eco Lux 1.0-1.2mm
Horween Derby Leather Panels - English Tan - 2’ Panel (12”x24”) - 5-6 oz (2-2.4 mm),Panel Derby English T 5-6 oz
Italian Nubuck - 3.5 - 4 oz. - Taupe,Italian Nubuck Aubergine
Horween Essex Leather Panels - English Tan - 2’ Panel (12”x24”) - 3-4 oz (1.2-1.6 mm),Panel Essex English Tan 3.5-4
"Horween Chromexcel® Leather Panels - Greener Pastures - 2' Panel (12""x24"") - 3-4 oz (1.2-1.6 mm)",Panel Chrxl Greener P 3.5-4 oz
Virgilio • Vachetta - Natural - 3-4 oz (1.2-1.6 mm),Vachetta Box Natural 3.5-4 oz
Horween Dublin Leather Panels - Russet Brown - 1’ Panel (12”x12”) - 3-4 oz (1.2-1.6 mm),Panel Dublin Russet Br 3.5-4 oz
Horween Cavalier Chromexcel® Leather Panels - Ink - 2’ Panel (12”x24”) - 3-4 oz (1.2-1.6 mm),Panel Cavalier Ink 3.5-4 oz
Virgilio • Smoked Mat - Lilla - 4-5 oz (1.6-2 mm),Smoked Matte Lilla 4.5-5 oz
Tempesti • Baku - Siena - 1.0  - 1.2 mm (2.5-3 oz),Baku Siena 4.5-5 oz (1.8-2 mm)
"Horween Chromexcel® Leather Panels - Black - 1' Panel (12""x12"") - 5-6 oz (2-2.4 mm)",Panel Chrxl Black 5-6 oz
C.F. Stead  Swatch Books - Kudu Waxy,Sample Book - All Stead
Horween Essex Leather Panels - Black - 2’ Panel (12”x24”) - 3-4 oz (1.2-1.6 mm),Panel Essex Black 3.5-4 oz
32mm Black Cordovan Belt - Size 36 - Silver - Increase Pant Size by 2 for Belt Size,Commission
Horween Essex Leather Panels - Natural - 2’ Panel (12”x24”) - 3-4 oz (1.2-1.6 mm),Panel Essex Natural 3.5-4 oz
C.F. Stead • Waxed Elk - 4.5-5oz (1.8-2 mm) - Polo Brown,Waxed Elk Polo Brown 4.5-5 oz
Horween Dublin Leather Panels - Russet Brown - 2’ Panel (12”x24”) - 3-4 oz (1.2-1.6 mm),Panel Dublin Russet Br 3.5-4 oz
Horween • Illini Latigo - Natural - 5-6 oz (2.0 –  2.4 mm),Aniline Latigo Natural 5-6 oz
Arazzo Lucca Upholstery Leather - Chalk,Arazzo Lucca 0.9-1.1 mm
Horween Essex Leather Panels - Brown Nut - 2’ Panel (12”x24”) - 5-6 oz (2-2.4 mm),Panel Essex Brown Nut 5-6 oz
Horween • Essex - Black - 4-5 oz (1.6 – 2 mm),*Black Essex 4-4.5oz
Horween • Cavalier Chromexcel® - 4-5 oz (1.6-2 mm) - Carolina Brown,*Carolina Brown Cavalier 4-4.5z
